Region,Channel ,Store ,Date,Act,Ly,vs Ly%,Visitors,Customers,Conversion,ATV,Item Sold,Price/Item,Item/Cust
AE,Store,DJA,2025-01-01,767585.340000001,782403.220000008,-0.02,8114,1849,0.228,415.13539210384,19831,38.7063355352731,10.73
AE,Store,DJA,2025-01-02,773875.119999999,712208.340000009,0.09,4993,1600,0.32,483.671949999999,19310,40.0763915069911,12.07
AE,Store,DJA,2025-01-03,761894.409999998,749846.850000001,0.02,5659,1580,0.279,482.211651898733,17993,42.3439343077862,11.39
AE,Store,DJA,2025-01-04,1020435.65999999,743716.609999997,0.37,8435,2274,0.27,448.740395778363,26998,37.7967130898584,11.87
AE,Store,DJA,2025-01-05,1092563.51,841760.720000011,0.3,8505,2399,0.282,455.424556065027,26813,40.7475295565584,11.18
AE,Store,DJA,2025-01-06,562208.519999998,1451923.55999995,-0.61,3184,1139,0.358,493.598349429323,12674,44.3592015149123,11.13
AE,Store,DJA,2025-01-07,617955.599999998,1392097.64999996,-0.56,3486,1187,0.341,520.602864363941,15069,41.0084013537725,12.7
AE,Store,DJA,2025-01-08,700421.639999999,530410.659999995,0.32,3715,1259,0.339,556.33172359015,14580,48.0398930041152,11.58
AE,Store,DJA,2025-01-09,629862.029999999,870578.199999994,-0.28,3562,1175,0.33,536.052791489361,13991,45.0190858408976,11.91
AE,Store,DJA,2025-01-10,759333.439999999,734871.179999995,0.03,4931,1399,0.284,542.768720514653,16376,46.3686761113824,11.71
AE,Store,DJA,2025-01-11,1427694.00999998,700177.899999997,1.04,8281,2279,0.275,626.456344888103,29398,48.5643244438393,12.9
AE,Store,DJA,2025-01-12,1204098.04999999,957098.340000011,0.26,8483,2317,0.273,519.679779887783,26498,45.4410917805114,11.44
AE,Store,DJA,2025-01-13,613664.499999999,1563968.17999997,-0.61,3396,1156,0.34,530.851643598615,12395,49.5090359015731,10.72
AE,Store,DJA,2025-01-14,707346.289999999,1460639.41999998,-0.52,3627,1188,0.328,595.409335016834,13681,51.7028207002411,11.52
AE,Store,DJA,2025-01-15,690294.449999997,705898.629999995,-0.02,3662,1226,0.335,563.046044045675,13751,50.1995818485926,11.22
AE,Store,DJA,2025-01-16,666650.279999996,716502.789999996,-0.07,3644,1220,0.335,546.434655737701,14261,46.7463908561809,11.69
AE,Store,DJA,2025-01-17,696246.009999998,593444.179999996,0.17,5034,1411,0.28,493.44153791637,16749,41.5694077258342,11.87
AE,Store,DJA,2025-01-18,1304039.97,662636.109999995,0.97,8732,2414,0.276,540.198827671915,28990,44.9824066919628,12.01
AE,Store,DJA,2025-01-19,1199524.17999999,921798.570000001,0.3,8761,2344,0.268,511.742397610921,27647,43.3871371215683,11.79
AE,Store,DJA,2025-01-20,632136.179999998,1299413.08999998,-0.51,3154,1107,0.351,571.035392953927,16131,39.1876622652035,14.57
AE,Store,DJA,2025-01-21,599414.64,1350371.21,-0.56,3278,1124,0.343,533.287046263345,12812,46.7854074305338,11.4
AE,Store,DJA,2025-01-22,680709.849999997,661992.979999998,0.03,3414,1123,0.329,606.153027604628,13213,51.518190418527,11.77
AE,Store,DJA,2025-01-23,542299.879999997,719369.199999993,-0.25,3661,1156,0.316,469.117543252592,12733,42.5901107358829,11.01
AE,Store,DJA,2025-01-24,832449.739999999,728309.139999994,0.14,5233,1494,0.285,557.195274431057,18671,44.5851716565796,12.5
AE,Store,DJA,2025-01-25,1380045.89000001,592298.599999994,1.33,8588,2418,0.282,570.738581472297,28602,48.2499786728206,11.83
AE,Store,DJA,2025-01-26,1259111.53999999,1026357.13999999,0.23,8997,2456,0.273,512.667565146578,28441,44.2710010196546,11.58
AE,Store,DJA,2025-01-27,698743.229999997,1517344.33999998,-0.54,3412,1137,0.333,614.5498944591,14732,47.4303034211239,12.96
AE,Store,DJA,2025-01-28,854972.769999991,1298350.89999997,-0.34,3439,1229,0.357,695.665394629773,14198,60.2178313847014,11.55
AE,Store,DJA,2025-01-29,758186.559999991,953614.269999993,-0.2,3778,1263,0.334,600.306064924775,16539,45.8423459701306,13.1
AE,Store,DJA,2025-01-30,632091.569999998,912013.839999992,-0.31,3738,1240,0.332,509.75126612903,13690,46.1717728268807,11.04
AE,Store,DJA,2025-01-31,933047.559999991,691721.869999995,0.35,5412,1545,0.285,603.914278317146,17966,51.9340732494707,11.63
AE,Store,DJA,2025-02-01,1321131.42,827484.489999997,0.6,8918,2431,0.273,543.451838749489,28705,46.0244354642051,11.81
AE,Store,DJA,2025-02-02,1593123.42,1036878.74,0.54,9358,2528,0.27,630.191226265825,32043,49.7182979121806,12.68
AE,Store,DJA,2025-02-03,641634.279999995,1571575.65999996,-0.59,3473,1209,0.348,530.714871794868,16455,38.9932713460951,13.61
AE,Store,DJA,2025-02-04,693640.059999996,1687069.28,-0.59,3601,1198,0.333,578.998380634387,14614,47.4640796496507,12.2
AE,Store,DJA,2025-02-05,605908.089999996,643801.959999996,-0.06,3598,1205,0.335,502.828290456428,14070,43.0638301350388,11.68
AE,Store,DJA,2025-02-06,947505.199999989,650779.819999996,0.46,3739,1219,0.326,777.28072190319,20019,47.3302962185918,16.42
AE,Store,DJA,2025-02-07,948948.819999988,705893.939999995,0.34,5417,1411,0.26,672.536371367816,18608,50.9968196474628,13.19
AE,Store,DJA,2025-02-08,1537415.3,674502.729999997,1.28,9295,2595,0.279,592.452909441234,33931,45.3100498069612,13.08
AE,Store,DJA,2025-02-09,1225549.78999999,899892.679999993,0.36,9342,2411,0.258,508.31596433015,29176,42.005408212229,12.1
AE,Store,DJA,2025-02-10,611733.639999999,1497831.54,-0.59,4199,1268,0.302,482.43977917981,17462,35.0322780895658,13.77
AE,Store,DJA,2025-02-11,709941.259999999,1307537.66999998,-0.46,3916,1265,0.323,561.218387351778,15861,44.7601828384086,12.54
AE,Store,DJA,2025-02-12,669429.409999999,502180.719999999,0.33,3966,1160,0.292,577.094318965516,14730,45.4466673455532,12.7
AE,Store,DJA,2025-02-13,728099.599999997,606862.98,0.2,3884,1230,0.317,591.95089430894,16207,44.9250077127165,13.18
AE,Store,DJA,2025-02-14,714371.529999999,497610.519999997,0.44,5025,1455,0.29,490.976996563573,20389,35.0371048114179,14.01
AE,Store,DJA,2025-02-15,1148742.08,701270.939999998,0.64,8366,2382,0.285,482.259479429053,29172,39.378242150007,12.25
AE,Store,DJA,2025-02-16,1237046.06,693320.409999995,0.78,8332,2341,0.281,528.426339171295,28111,44.0057650030238,12.01
AE,Store,DJA,2025-02-17,564799.5399999979,1191064.01000001,-0.53,3316,1175,0.354,480.680459574467,13829,40.8416761877213,11.77
AE,Store,DJA,2025-02-18,730646.599999999,1165550.15000001,-0.37,3467,1134,0.327,644.309171075837,14829,49.2714680693235,13.08
AE,Store,DJA,2025-02-19,763469.869999998,662433.329999997,0.15,3549,1152,0.325,662.734262152776,14195,53.7844219795701,12.32
AE,Store,DJA,2025-02-20,717351.859999999,688540.439999997,0.04,3752,1214,0.324,590.899390444809,16190,44.3083298332303,13.34
AE,Store,DJA,2025-02-21,718051.599999999,722104.849999997,-0.01,4728,1273,0.269,564.062529457972,15835,45.3458541206188,12.44
AE,Store,DJA,2025-02-22,1223040.47999999,691859.23,0.77,9212,2239,0.243,546.244073246984,26611,45.9599594152793,11.89
AE,Store,DJA,2025-02-23,1048735.22999999,832989.749999997,0.26,8727,2130,0.244,492.363957746477,25510,41.1107499019991,11.98
AE,Store,DJA,2025-02-24,655970.939999999,1260016.43,-0.48,3471,1174,0.338,558.748671209539,13904,47.178577387802,11.84
AE,Store,DJA,2025-02-25,832414.169999998,1192699.97000001,-0.3,3549,1205,0.34,690.800141078837,16216,51.3328915885544,13.46
AE,Store,DJA,2025-02-26,785268.829999999,723961.359999999,0.08,3746,1199,0.32,654.936472060049,15385,51.0411979200519,12.83
AE,Store,DJA,2025-02-27,674190.99,721138.029999997,-0.07,3905,1316,0.337,512.303183890577,15696,42.9530447247706,11.93
AE,Store,DJA,2025-02-28,1177210.70999999,920238.989999996,0.28,5440,1562,0.287,753.656024327784,21546,54.63708855472,13.79
AE,Store,DJA,2025-03-01,1216922.77999999,906411.929999996,0.34,9098,2520,0.277,482.905865079362,30386,40.0487981307178,12.06
AE,Store,DJA,2025-03-02,1159815.01999999,1326997.86999998,-0.13,9206,2597,0.282,446.598005390835,29895,38.7962876735239,11.51
AE,Store,DJA,2025-03-03,625227.399999999,1294384.30999998,-0.52,3856,1329,0.345,470.449510910458,14877,42.0264435033944,11.19
AE,Store,DJA,2025-03-04,763435.739999999,705312.090000001,0.08,3545,1265,0.357,603.506513833991,14380,53.0901070931849,11.37
AE,Store,DJA,2025-03-05,584277.139999998,671982.31,-0.13,4926,1329,0.27,439.63667419112,16433,35.5551110570193,12.36
AE,Store,DJA,2025-03-06,485888.01999999897,722719.69,-0.33,3997,1318,0.33,368.655553869498,14987,32.4206325482084,11.37
AE,Store,DJA,2025-03-07,842479.029999996,782698.449999999,0.08,5275,1610,0.305,523.278900621115,18863,44.6630456449131,11.72
AE,Store,DJA,2025-03-08,1069064.76,1068470.25999999,0.0,8862,2487,0.281,429.861182147165,29085,36.7565673027333,11.69
AE,Store,DJA,2025-03-09,1187139.5,908127.439999989,0.31,8827,2432,0.276,488.133018092107,28663,41.417140564491,11.79
AE,Store,DJA,2025-03-10,510875.559999998,1399113.96999994,-0.63,3584,1248,0.348,409.355416666665,17199,29.7037944066514,13.78
AE,Store,DJA,2025-03-11,526083.179999997,687015.209999999,-0.23,3714,1293,0.348,406.870208816703,14438,36.4373999168858,11.17
AE,Store,DJA,2025-03-12,572315.279999998,818525.169999997,-0.3,3738,1258,0.337,454.940604133543,13829,41.3851529394748,10.99
AE,Store,DJA,2025-03-13,632712.939999998,773660.649999997,-0.18,4214,1342,0.318,471.470149031295,15013,42.1443375741023,11.19
AE,Store,DJA,2025-03-14,697344.049999997,732668.09,-0.05,4786,1432,0.299,486.972101955305,16703,41.7496288091958,11.66
AE,Store,DJA,2025-03-15,1044773.91,967593.84,0.08,9350,2415,0.258,432.618596273292,27043,38.633802092963,11.2
AE,Store,DJA,2025-03-16,1020697.59,1547093.92999998,-0.34,8983,2455,0.273,415.762765784114,27063,37.7156113512914,11.02
AE,Store,DJA,2025-03-17,710182.359999998,1430273.10999998,-0.5,3633,1179,0.325,602.359932145885,14256,49.8163832772165,12.09
AE,Store,DJA,2025-03-18,610722.749999998,707318.339999999,-0.14,4141,1259,0.304,485.085583796663,14487,42.1566059225511,11.51
AE,Store,DJA,2025-03-19,699582.209999999,679895.209999999,0.03,3954,1273,0.322,549.553974862528,15200,46.0251453947367,11.94
AE,Store,DJA,2025-03-20,494160.949999999,617091.49,-0.2,3745,1196,0.319,413.178051839464,13356,36.9991726564839,11.17
AE,Store,DJA,2025-03-21,644866.599999998,593266.08,0.09,4765,1401,0.294,460.290221270519,16176,39.8656404549949,11.55
AE,Store,DJA,2025-03-22,999182.65,787717.269999998,0.27,8668,2299,0.265,434.616202696824,26187,38.1556745713522,11.39
AE,Store,DJA,2025-03-23,1132186.35999999,1194909.42999998,-0.05,9046,2451,0.271,461.928339453283,26506,42.7143424130384,10.81
AE,Store,DJA,2025-03-24,681115.16,1133739.98999999,-0.4,4271,1295,0.303,525.957652509653,14347,47.4743960409842,11.08
AE,Store,DJA,2025-03-25,652338.42,661971.449999999,-0.01,4448,1311,0.295,497.588421052631,14649,44.5312594716362,11.17
AE,Store,DJA,2025-03-26,548339.129999999,748394.65,-0.27,4496,1342,0.298,408.598457526079,14101,38.8865420892134,10.51
AE,Store,DJA,2025-03-27,513316.66,843961.699999999,-0.39,4637,1358,0.293,377.994594992636,13845,37.0759595521849,10.2
AE,Store,DJA,2025-03-28,723538.49,716544.709999999,0.01,5069,1543,0.304,468.91671419313,17198,42.071083265496,11.15
AE,Store,DJA,2025-03-29,1014475.74999999,912710.55,0.11,8345,2163,0.259,469.013291724456,25552,39.7024009862241,11.81
AE,Store,DJA,2025-03-30,749763.689999999,1356498.09999998,-0.45,8800,2207,0.251,339.720747621205,22673,33.0685701054117,10.27
AE,Store,DJA,2025-03-31,801362.4,1289970.33999998,-0.38,7931,2244,0.283,357.113368983957,24260,33.0322506183017,10.81
AE,Store,DJA,2025-04-01,890952.67,549343.429999998,0.62,7527,2200,0.292,404.978486363636,23942,37.2129592348175,10.88
AE,Store,DJA,2025-04-02,896968.709999999,498754.039999999,0.8,4662,1451,0.311,618.172784286698,17869,50.1969170071072,12.31
AE,Store,DJA,2025-04-03,516770.819999999,538737.25,-0.04,4286,1271,0.297,406.586011014948,13667,37.8115767908099,10.75
AE,Store,DJA,2025-04-04,625207.15,608185.09,0.03,5004,1576,0.315,396.705044416243,16018,39.0315363965539,10.16
AE,Store,DJA,2025-04-05,813391.099999999,653150.900000001,0.25,8348,2285,0.274,355.969846827133,22901,35.5177110169861,10.02
AE,Store,DJA,2025-04-06,998374.329999997,885446.079999987,0.13,8669,2395,0.276,416.857757828808,25012,39.9158136094673,10.44
AE,Store,DJA,2025-04-07,479543.049999999,1011003.77999998,-0.53,3213,1057,0.329,453.683112582781,10958,43.7619136703778,10.37
AE,Store,DJA,2025-04-08,522670.26,915056.44999999,-0.43,3396,1127,0.332,463.771304347826,12257,42.6425928041119,10.88
AE,Store,DJA,2025-04-09,691103.12,929307.469999987,-0.26,3441,1152,0.335,599.915902777778,15152,45.6113463569166,13.15
AE,Store,DJA,2025-04-10,527027.6,630761.980000005,-0.16,3549,1158,0.326,455.118825561313,12703,41.4884358025663,10.97
AE,Store,DJA,2025-04-11,625456.279999998,775295.959999996,-0.19,4847,1389,0.287,450.292498200143,16097,38.8554562962041,11.59
AE,Store,DJA,2025-04-12,1160398.04999999,742543.829999984,0.56,8724,2494,0.286,465.27588211708,25919,44.7701705312704,10.39
AE,Store,DJA,2025-04-13,972441.799999996,825889.359999986,0.18,9712,2498,0.257,389.288150520414,25908,37.534421800216,10.37
AE,Store,DJA,2025-04-14,499159.709999999,857102.979999991,-0.42,3056,1023,0.335,487.937155425219,10450,47.7664794258372,10.22
AE,Store,DJA,2025-04-15,539368.76,477702.180000001,0.13,3181,1076,0.338,501.272081784387,11840,45.5547939189189,11.0
AE,Store,DJA,2025-04-16,465533.79,68717.45,5.77,3386,1095,0.323,425.14501369863,12127,38.3882073060113,11.07
AE,Store,DJA,2025-04-17,456482.279999999,126475.529999999,2.61,3704,1095,0.296,416.878794520547,10996,41.5134849036012,10.04
AE,Store,DJA,2025-04-18,624947.489999998,313737.629999999,0.99,5967,1529,0.256,408.729555264877,15062,41.4916671092815,9.85
AE,Store,DJA,2025-04-19,883741.959999997,255000.78,2.47,7867,2274,0.289,388.628830255056,23694,37.2981328606397,10.42
AE,Store,DJA,2025-04-20,904789.729999997,783444.70999998,0.15,8439,2206,0.261,410.149469628285,22823,39.6437685667965,10.35
AE,Store,DJA,2025-04-21,476793.609999999,866727.489999989,-0.45,3320,1104,0.333,431.878269927535,10701,44.5559863564152,9.69
AE,Store,DJA,2025-04-22,525613.729999999,391266.069999999,0.34,3238,1097,0.339,479.137402005469,12260,42.8722455138661,11.18
AE,Store,DJA,2025-04-23,539188.62,618813.94,-0.13,3435,1145,0.333,470.907091703057,12769,42.2263779465894,11.15
AE,Store,DJA,2025-04-24,523072.61,424022.729999999,0.23,3551,1187,0.334,440.667742207245,12938,40.4291706600711,10.9
AE,Store,DJA,2025-04-25,764436.749999999,516693.189999999,0.48,4988,1516,0.304,504.245877308706,24667,30.9902602667531,16.27
AE,Store,DJA,2025-04-26,1216573.36999999,578214.31,1.1,9300,2511,0.27,484.497558741535,29473,41.2775547110913,11.74
AE,Store,DJA,2025-04-27,1184923.41999999,1187843.89999999,0.0,9470,2614,0.276,453.29893649579,28174,42.0573372613046,10.78
AE,Store,DJA,2025-04-28,537730.059999999,1133289.62999999,-0.53,3550,1189,0.335,452.254045416315,13394,40.1470852620576,11.26
AE,Store,DJA,2025-04-29,736532.46,479330.91,0.54,3623,1218,0.336,604.70645320197,15286,48.1834659165249,12.55
AE,Store,DJA,2025-04-30,610682.999999999,590579.560000001,0.03,3581,1189,0.332,513.610597140453,13225,46.1764083175802,11.12
AE,Store,DJA,2025-05-01,669537.749999999,690087.08,-0.03,3920,1336,0.341,501.151010479041,20669,32.3933305917073,15.47
AE,Store,DJA,2025-05-02,663880.169999998,384201.329999997,0.73,5646,1651,0.292,402.107916414293,18491,35.9028808609592,11.2
AE,Store,DJA,2025-05-03,1221312.81999999,764486.370000002,0.6,9801,2697,0.275,452.84123841305,31674,38.558843846688,11.74
AE,Store,DJA,2025-05-04,1277745.08999999,1140319.21999998,0.12,9957,2716,0.273,470.451064064799,30249,42.240903500942,11.14
AE,Store,DJA,2025-05-05,591233.279999999,1312651.62999998,-0.55,3240,1129,0.348,523.678724534986,13329,44.3569119963987,11.81
AE,Store,DJA,2025-05-06,551047.129999999,609295.599999999,-0.1,3540,1170,0.331,470.980452991452,13865,39.7437526144969,11.85
AE,Store,DJA,2025-05-07,724795.069999999,599942.820000002,0.21,3521,1208,0.343,599.995918874171,14433,50.2179082657797,11.95
AE,Store,DJA,2025-05-08,605392.87,618439.620000002,-0.02,3534,1121,0.317,540.047163247101,13295,45.5353794659646,11.86
AE,Store,DJA,2025-05-09,628251.849999998,466365.259999998,0.35,5238,1422,0.271,441.808614627284,15389,40.8247352004677,10.82
AE,Store,DJA,2025-05-10,1131113.63,686647.320000003,0.65,9304,2519,0.271,449.032802699483,28116,40.2302471902119,11.16
AE,Store,DJA,2025-05-11,998555.540000001,1235519.10999999,-0.19,9616,2600,0.27,384.059823076923,26842,37.2012346322927,10.32
AE,Store,DJA,2025-05-12,433318.909999999,1238826.37999998,-0.65,3354,1061,0.316,408.406135721017,11369,38.1140742369601,10.72
AE,Store,DJA,2025-05-13,493563.82,507674.389999998,-0.03,3453,1133,0.328,435.62561341571,12405,39.7874905280129,10.95
AE,Store,DJA,2025-05-14,481856.05,709213.26,-0.32,3531,1107,0.314,435.28098464318,12117,39.7669431377403,10.95
AE,Store,DJA,2025-05-15,448082.219999998,611590.759999998,-0.27,3626,1109,0.306,404.041677186653,11855,37.7968975115983,10.69
AE,Store,DJA,2025-05-16,632239.819999999,689168.129999999,-0.08,5639,1531,0.272,412.958732854343,17180,36.8009208381839,11.22
AE,Store,DJA,2025-05-17,1063374.26999999,812116.969999999,0.31,9710,2689,0.277,395.453428783933,31063,34.2328258700059,11.55
AE,Store,DJA,2025-05-18,1153708.85999999,1218548.40999999,-0.05,9489,2665,0.281,432.911392120073,30541,37.7757394977241,11.46
AE,Store,DJA,2025-05-19,660732.179999999,1344265.54999999,-0.51,3640,1186,0.326,557.109763912309,14831,44.5507504551277,12.51
AE,Store,DJA,2025-05-20,506491.149999999,599844.58,-0.16,3705,1232,0.333,411.11294642857,13302,38.0763155916402,10.8
AE,Store,DJA,2025-05-21,547473.429999999,543500.890000002,0.01,3636,1199,0.33,456.608365304419,14285,38.3250563528176,11.91
AE,Store,DJA,2025-05-22,477298.97,509531.999999997,-0.06,3645,1098,0.301,434.698515482695,12296,38.8174178594664,11.2
AE,Store,DJA,2025-05-23,699826.449999997,533851.24,0.31,5463,1550,0.284,451.500935483869,17297,40.4594120367692,11.16
AE,Store,DJA,2025-05-24,1054515.52999999,671750.629999999,0.57,9937,2544,0.256,414.51082154088,28128,37.4898865898748,11.06
AE,Store,DJA,2025-05-25,1167700.72999999,1155815.30999998,0.01,9906,2625,0.265,444.838373333333,27504,42.4556693571843,10.48
AE,Store,DJA,2025-05-26,515781.499999999,908829.849999986,-0.43,3600,1185,0.329,435.258649789029,12879,40.04825685224,10.87
AE,Store,DJA,2025-05-27,642967.189999999,584104.969999998,0.1,3547,1167,0.329,550.957317909168,13720,46.863497813411,11.76
AE,Store,DJA,2025-05-28,582636.889999999,603585.549999999,-0.03,3675,1188,0.323,490.435092592592,13318,43.7480770385943,11.21
AE,Store,DJA,2025-05-29,559921.35,660847.239999998,-0.15,3767,1211,0.321,462.362799339389,13439,41.663914725798,11.1
AE,Store,DJA,2025-05-30,585523.209999999,689501.139999999,-0.15,5582,1433,0.257,408.599588276342,15673,37.3587194538377,10.94
AE,Store,DJA,2025-05-31,1128315.05999999,677645.669999998,0.67,9233,2506,0.271,450.245434956104,28801,39.1762459636817,11.49
AE,Store,DJA,2025-06-01,1168172.33999999,1228875.77999998,-0.05,9437,2563,0.272,455.783199375729,30145,38.7517777409187,11.76
AE,Store,DJA,2025-06-02,603070.329999999,1034307.01999998,-0.42,3560,1121,0.315,537.975316681533,12703,47.4746382744233,11.33
AE,Store,DJA,2025-06-03,473655.579999999,597104.389999998,-0.21,3694,1208,0.327,392.098990066224,13129,36.0770492802193,10.87
AE,Store,DJA,2025-06-04,711842.729999998,579871.049999998,0.23,4235,1225,0.289,581.096106122448,13649,52.1534713165798,11.14
AE,Store,DJA,2025-06-05,1050924.81999999,724427.399999997,0.45,8126,2290,0.282,458.919135371177,26809,39.2004483568949,11.71
AE,Store,DJA,2025-06-06,877058.199999996,455911.879999999,0.92,9309,2470,0.265,355.084291497974,30846,28.4334500421447,12.49
AE,Store,DJA,2025-06-07,825333.779999995,621436.72,0.33,10224,2575,0.252,320.517972815532,27000,30.5679177777776,10.49
AE,Store,DJA,2025-06-08,873255.679999992,1088559.89999999,-0.2,9960,2463,0.247,354.549606171332,25541,34.1903480678122,10.37
AE,Store,DJA,2025-06-09,496436.04,1140225.35999999,-0.56,3464,1136,0.328,437.003556338028,12421,39.9674776588036,10.93
AE,Store,DJA,2025-06-10,577822.419999999,654474.939999998,-0.12,3543,1222,0.345,472.849770867429,14132,40.8875191055759,11.56
AE,Store,DJA,2025-06-11,448022.259999999,515813.239999998,-0.13,3400,944,0.278,474.599851694914,9732,46.0359905466501,10.31
AE,Store,DJA,2025-06-12,487420.499999999,525886.439999999,-0.07,3779,995,0.263,489.86984924623,10060,48.45134194831,10.11
AE,Store,DJA,2025-06-13,493024.279999999,544729.049999998,-0.09,6048,1238,0.205,398.242552504038,13361,36.9002529750766,10.79
AE,Store,DJA,2025-06-14,888467.849999997,645980.63,0.38,9601,2131,0.222,416.925316752697,22596,39.3196959638872,10.6
AE,Store,DJA,2025-06-15,836373.449999996,952511.169999983,-0.12,9821,2143,0.218,390.281591227249,21388,39.1047994202354,9.98
AE,Store,DJA,2025-06-16,438669.249999999,1039930.73999999,-0.58,3145,874,0.278,501.909897025171,8659,50.6604977480078,9.91
AE,Store,DJA,2025-06-17,464369.909999999,1038009.91999998,-0.55,3637,920,0.253,504.749902173912,9987,46.4974376689695,10.86
AE,Store,DJA,2025-06-18,489656.189999998,890897.34999999,-0.45,3489,928,0.266,527.646756465515,9792,50.005738357843,10.55
AE,Store,DJA,2025-06-19,388997.379999999,530822.979999998,-0.27,3801,941,0.248,413.387226354941,9838,39.5402907094937,10.45
AE,Store,DJA,2025-06-20,562954.1,530802.16,0.06,5207,1131,0.217,497.748983200707,13477,41.7714699117014,11.92
AE,Store,DJA,2025-06-21,927163.669999994,702241.659999997,0.32,9108,2042,0.224,454.046851126343,22778,40.704349372201,11.15
AE,Store,DJA,2025-06-22,875797.189999995,995886.689999991,-0.12,9137,2033,0.223,430.790550909982,22268,39.3298540506554,10.95
AE,Store,DJA,2025-06-23,651341.969999999,1256269.95999999,-0.48,3126,868,0.278,750.393974654377,10375,62.7799489156625,11.95
AE,Store,DJA,2025-06-24,564363.189999999,448865.749999998,0.26,3265,876,0.268,644.250216894976,10507,53.7130665270771,11.99
AE,Store,DJA,2025-06-25,426513.879999999,473061.299999998,-0.1,3459,950,0.275,448.961978947368,10133,42.091570117438,10.67
AE,Store,DJA,2025-06-26,509147.369999999,450660.089999997,0.13,3874,1003,0.259,507.624496510468,11441,44.5019989511406,11.41
AE,Store,DJA,2025-06-27,1056468.74999999,1219861.16999999,-0.13,8635,2149,0.249,491.609469520703,26873,39.3133907639635,12.5
AE,Store,DJA,2025-06-28,807317.559999996,783500.349999999,0.03,8321,2071,0.249,389.820164171896,22406,36.0313112559134,10.82
AE,Store,DJA,2025-06-29,871067.849999996,1240689.99999998,-0.3,8919,2217,0.249,392.903856562921,22463,38.7778947602722,10.13
AE,Store,DJA,2025-06-30,443438.35,1199638.48999997,-0.63,3844,983,0.256,451.107171922685,10226,43.363812830041,10.4
AE,IFB,DJA,2025-01-01,111503.889999999,102901.139999997,0.08,8114,2883,0.36,38.6763406174124,15864,7.02873739283913,5.5
AE,IFB,DJA,2025-01-02,76732.2599999995,64980.8599999995,0.18,4993,2149,0.43,35.7060307119588,10550,7.27319999999995,4.91
AE,IFB,DJA,2025-01-03,81321.6399999985,59067.8199999994,0.38,5659,2462,0.44,33.0307229894388,11883,6.84352772868791,4.83
AE,IFB,DJA,2025-01-04,122963.979999999,63655.4199999988,0.93,8435,3383,0.4,36.3476145433046,17468,7.03938516143803,5.16
AE,IFB,DJA,2025-01-05,141824.439999999,80298.2699999993,0.77,8505,3549,0.42,39.96180332488,19874,7.13617993358152,5.6
AE,IFB,DJA,2025-01-06,54646.6799999996,141932.21,-0.61,3184,1553,0.49,35.1878171281388,6575,8.31128212927751,4.23
AE,IFB,DJA,2025-01-07,57392.2399999996,143103.84,-0.6,3486,1684,0.48,34.0809026128263,7500,7.65229866666661,4.45
AE,IFB,DJA,2025-01-08,58152.2299999997,57768.8299999993,0.01,3715,1717,0.46,33.8685090273731,7501,7.75259698706835,4.37
AE,IFB,DJA,2025-01-09,54519.0699999997,58318.8099999994,-0.07,3562,1671,0.47,32.6266128067024,7290,7.47861042524002,4.36
AE,IFB,DJA,2025-01-10,78945.6699999995,67449.7499999991,0.17,4931,2330,0.47,33.8822618025749,10751,7.3431001767277,4.61
AE,IFB,DJA,2025-01-11,131925.289999999,63813.129999999,1.07,8281,3726,0.45,35.4066800858827,18779,7.02514990148565,5.04
AE,IFB,DJA,2025-01-12,151463.389999998,81152.4700000003,0.87,8483,3828,0.45,39.5672387669796,21176,7.15259680770675,5.53
AE,IFB,DJA,2025-01-13,56307.1499999997,151439.409999994,-0.63,3396,1627,0.48,34.6079594345419,7127,7.90054019924228,4.38
AE,IFB,DJA,2025-01-14,55754.31,148408.989999995,-0.62,3627,1690,0.47,32.9907159763313,7510,7.42400932090546,4.44
AE,IFB,DJA,2025-01-15,57901.5699999999,56606.9599999994,0.02,3662,1750,0.48,33.0866114285713,7765,7.45673792659368,4.44
AE,IFB,DJA,2025-01-16,56700.3800000002,57222.1099999995,-0.01,3644,1820,0.5,31.154054945055,7820,7.25068797953967,4.3
AE,IFB,DJA,2025-01-17,87102.8299999982,60198.4799999992,0.45,5034,2511,0.5,34.6885025886094,11995,7.26159483117951,4.78
AE,IFB,DJA,2025-01-18,149257.339999998,53419.2799999995,1.79,8732,3992,0.46,37.3891132264525,20796,7.17721388728594,5.21
AE,IFB,DJA,2025-01-19,154257.639999998,81127.3999999998,0.9,8761,3850,0.44,40.0669194805191,20863,7.39383789483769,5.42
AE,IFB,DJA,2025-01-20,49904.4499999999,139975.9,-0.64,3154,1547,0.49,32.2588558500323,6719,7.42736270278314,4.34
AE,IFB,DJA,2025-01-21,51089.75,152643.169999998,-0.67,3278,1657,0.51,30.8326795413398,7069,7.22729523270619,4.27
AE,IFB,DJA,2025-01-22,60931.4899999998,54395.8999999996,0.12,3414,1730,0.51,35.2205144508669,7517,8.10582546228546,4.35
AE,IFB,DJA,2025-01-23,62652.4099999997,53994.8599999994,0.16,3661,1819,0.5,34.4433260032983,8294,7.55394381480585,4.56
AE,IFB,DJA,2025-01-24,84357.8999999979,57051.9299999994,0.48,5233,2484,0.47,33.960507246376,12147,6.9447517905654,4.89
AE,IFB,DJA,2025-01-25,141659.359999999,59115.7199999992,1.4,8588,3803,0.44,37.2493715487772,19728,7.18062449310623,5.19
AE,IFB,DJA,2025-01-26,158268.900000003,84361.5099999998,0.88,8997,4016,0.45,39.4095866533873,21576,7.33541434927714,5.37
AE,IFB,DJA,2025-01-27,59248.1800000002,151226.959999997,-0.61,3412,1709,0.5,34.6683323581042,7924,7.47705451792026,4.64
AE,IFB,DJA,2025-01-28,61932.8400000002,148219.94,-0.58,3439,1831,0.53,33.824598580011,8453,7.32672897196264,4.62
AE,IFB,DJA,2025-01-29,67175.1400000003,54736.3699999995,0.23,3778,2082,0.55,32.2647166186361,9503,7.06883510470381,4.56
AE,IFB,DJA,2025-01-30,69656.0699999988,59323.4199999994,0.17,3738,1954,0.52,35.6479375639707,9354,7.44666132135972,4.79
AE,IFB,DJA,2025-01-31,87492.7399999973,55675.9799999996,0.57,5412,2557,0.47,34.2169495502531,12431,7.03827045289979,4.86
AE,IFB,DJA,2025-02-01,143264.389999998,65156.9199999991,1.2,8918,3776,0.42,37.9407812499997,20475,6.99703980463975,5.42
AE,IFB,DJA,2025-02-02,161534.650000001,85097.6199999999,0.9,9358,4056,0.43,39.8260971400398,23283,6.93787956878415,5.74
AE,IFB,DJA,2025-02-03,56645.6300000003,159678.069999995,-0.65,3473,1687,0.49,33.5777296976884,7273,7.78848205692291,4.31
AE,IFB,DJA,2025-02-04,54469.4500000004,164086.269999995,-0.67,3601,1627,0.45,33.4784572833438,7154,7.61384540117423,4.4
AE,IFB,DJA,2025-02-05,54072.2200000002,53286.6299999997,0.01,3598,1740,0.48,31.0759885057472,7267,7.44078987202424,4.18
AE,IFB,DJA,2025-02-06,60353.2100000002,60052.799999999,0.01,3739,1824,0.49,33.0883826754387,8047,7.50008823163914,4.41
AE,IFB,DJA,2025-02-07,89649.3299999979,60569.7199999991,0.48,5417,2507,0.46,35.7596051057032,12322,7.27555023535123,4.92
AE,IFB,DJA,2025-02-08,144050.619999997,63150.249999999,1.28,9295,4042,0.43,35.6384512617508,20160,7.14536805555541,4.99
AE,IFB,DJA,2025-02-09,154258.030000005,87899.4799999993,0.75,9342,3966,0.42,38.8951159858813,21623,7.13397909633286,5.45
AE,IFB,DJA,2025-02-10,60173.64,137302.29,-0.56,4199,1934,0.46,31.1135677352637,8293,7.2559556252261,4.29
AE,IFB,DJA,2025-02-11,60736.8700000004,150429.049999998,-0.6,3916,1855,0.47,32.7422479784368,8339,7.28347163928533,4.5
AE,IFB,DJA,2025-02-12,64355.6100000004,51500.09,0.25,3966,1933,0.49,33.2931246766686,8629,7.45806118901383,4.46
AE,IFB,DJA,2025-02-13,65950.2500000002,66316.7399999993,-0.01,3884,1859,0.48,35.4761968800431,8271,7.97367307459801,4.45
AE,IFB,DJA,2025-02-14,77367.3400000002,87218.5399999982,-0.11,5025,2350,0.47,32.9222723404256,10666,7.25364147759237,4.54
AE,IFB,DJA,2025-02-15,128956.119999998,61732.8199999994,1.09,8366,3601,0.43,35.8111968897523,17882,7.21150430600594,4.97
AE,IFB,DJA,2025-02-16,144390.219999999,80831.1799999987,0.79,8332,3597,0.43,40.1418459827631,19632,7.35484005704966,5.46
AE,IFB,DJA,2025-02-17,50872.1800000001,131324.229999998,-0.61,3316,1627,0.49,31.2674738783036,6653,7.64650232977605,4.09
AE,IFB,DJA,2025-02-18,51348.65,137959.189999998,-0.63,3467,1666,0.48,30.821518607443,7046,7.28763128015896,4.23
AE,IFB,DJA,2025-02-19,51551.79,54709.0199999997,-0.06,3549,1682,0.47,30.6491022592152,7196,7.16395080600333,4.28
AE,IFB,DJA,2025-02-20,61172.8199999998,58407.96,0.05,3752,1919,0.51,31.8774465867638,8129,7.52525771927664,4.24
AE,IFB,DJA,2025-02-21,73029.9000000007,54033.1499999997,0.35,4728,2241,0.47,32.5880856760378,10281,7.1033848847389,4.59
AE,IFB,DJA,2025-02-22,140189.309999998,56736.4299999997,1.47,9212,3768,0.41,37.2052308917193,19155,7.3186797180892,5.08
AE,IFB,DJA,2025-02-23,138095.049999997,76249.1799999989,0.81,8727,3680,0.42,37.5258288043472,19129,7.2191463223377,5.2
AE,IFB,DJA,2025-02-24,50483.4600000002,133358.779999998,-0.62,3471,1656,0.48,30.4851811594204,7059,7.1516447088823,4.26
AE,IFB,DJA,2025-02-25,55725.4800000005,145466.799999994,-0.62,3549,1760,0.5,31.6622045454548,7785,7.15805780346827,4.42
AE,IFB,DJA,2025-02-26,57197.0500000003,58914.7099999997,-0.03,3746,1807,0.48,31.6530437188712,7854,7.28253756047877,4.35
AE,IFB,DJA,2025-02-27,63726.9800000004,58568.5999999998,0.09,3905,1856,0.48,34.3356573275864,8386,7.59921058907708,4.52
AE,IFB,DJA,2025-02-28,88174.6400000002,62731.8299999996,0.41,5440,2571,0.47,34.2958537534034,11955,7.37554496026768,4.65
AE,IFB,DJA,2025-03-01,145238.669999999,84718.5799999984,0.71,9098,3663,0.4,39.6501965601965,18664,7.78175471495926,5.1
AE,IFB,DJA,2025-03-02,157545.239999999,141024.349999993,0.12,9206,3725,0.4,42.2940241610735,19744,7.97939829821713,5.3
AE,IFB,DJA,2025-03-03,72160.5600000003,149678.149999992,-0.52,3856,1664,0.43,43.3657211538463,7092,10.174923857868,4.26
AE,IFB,DJA,2025-03-04,59065.1500000004,55797.4599999999,0.06,3545,1589,0.45,37.1712712397737,6740,8.76337537091994,4.24
AE,IFB,DJA,2025-03-05,96148.9299999985,54217.3400000001,0.77,4926,2177,0.44,44.165792374827,10283,9.35028007390824,4.72
AE,IFB,DJA,2025-03-06,71734.4900000002,57516.1299999997,0.25,3997,1779,0.45,40.3229286115796,7765,9.23818287186094,4.36
AE,IFB,DJA,2025-03-07,94346.6599999995,60978.5199999998,0.55,5275,2246,0.43,42.0065271593942,10763,8.76583294620454,4.79
AE,IFB,DJA,2025-03-08,147210.239999999,83534.7899999988,0.76,8862,3631,0.41,40.5426163591295,18189,8.09336632030345,5.01
AE,IFB,DJA,2025-03-09,157886.809999997,93882.3199999983,0.68,8827,3596,0.41,43.9062319243597,18921,8.34452777337338,5.26
AE,IFB,DJA,2025-03-10,63290.34,164314.539999995,-0.61,3584,1583,0.44,39.9812634238787,6923,9.14203957821753,4.37
AE,IFB,DJA,2025-03-11,65877.3499999997,52908.4100000001,0.25,3714,1704,0.46,38.6604166666665,6791,9.70068472978939,3.99
AE,IFB,DJA,2025-03-12,71596.35,56747.07,0.26,3738,1712,0.46,41.8202978971962,7606,9.41314094136208,4.44
AE,IFB,DJA,2025-03-13,77276.84,61234.1199999996,0.26,4214,1860,0.44,41.546688172043,8052,9.59722305017387,4.33
AE,IFB,DJA,2025-03-14,87766.7399999982,66186.3099999996,0.33,4786,2071,0.43,42.3789183969088,9463,9.27472683081457,4.57
AE,IFB,DJA,2025-03-15,146947.35,91558.6499999985,0.6,9350,3671,0.39,40.0292427131573,18550,7.9216900269542,5.05
AE,IFB,DJA,2025-03-16,147723.229999999,141901.299999999,0.04,8983,3587,0.4,41.1829467521605,19156,7.71159062434745,5.34
AE,IFB,DJA,2025-03-17,62031.5599999999,141519.92,-0.56,3633,1581,0.44,39.2356483238456,6804,9.11692533803644,4.3
AE,IFB,DJA,2025-03-18,73910.3700000003,54928.6600000001,0.35,4141,1714,0.41,43.1215694282382,7417,9.964995281111,4.33
AE,IFB,DJA,2025-03-19,70649.8700000004,64116.7400000001,0.1,3954,1716,0.43,41.1712529137531,7290,9.69134019204395,4.25
AE,IFB,DJA,2025-03-20,67371.84,65403.9899999998,0.03,3745,1662,0.44,40.5366064981949,6557,10.274796400793,3.95
AE,IFB,DJA,2025-03-21,84489.5900000002,63834.8399999998,0.32,4765,2057,0.43,41.0741808458921,9199,9.18464941841507,4.47
AE,IFB,DJA,2025-03-22,142963.5,82985.4999999987,0.72,8668,3395,0.39,42.1100147275406,18560,7.70277478448278,5.47
AE,IFB,DJA,2025-03-23,144295.75,127884.089999999,0.13,9046,3564,0.39,40.4870230078563,18822,7.66633460843694,5.28
AE,IFB,DJA,2025-03-24,69037.8400000001,155164.819999997,-0.56,4271,1803,0.42,38.2905379922352,7958,8.67527519477257,4.41
AE,IFB,DJA,2025-03-25,75654.2999999998,64395.2299999998,0.17,4448,1848,0.42,40.9384740259739,8464,8.93836247637048,4.58
AE,IFB,DJA,2025-03-26,65143.8299999999,72074.3099999995,-0.1,4496,1804,0.4,36.1107705099777,7878,8.26908225437927,4.37
AE,IFB,DJA,2025-03-27,76523.2399999998,69357.0799999997,0.1,4637,1936,0.42,39.5264669421487,5570,13.7384631956911,2.88
AE,IFB,DJA,2025-03-28,87024.1600000003,75747.709999998,0.15,5069,2149,0.42,40.4951884597488,9749,8.92647040722129,4.54
AE,IFB,DJA,2025-03-29,131511.759999999,94169.6499999976,0.4,8345,3250,0.39,40.4651569230768,16339,8.04894791602912,5.03
AE,IFB,DJA,2025-03-30,135220.319999999,127026.959999999,0.06,8800,3442,0.39,39.2853922138291,21760,6.21416911764705,6.32
AE,IFB,DJA,2025-03-31,113326.949999999,155475.089999999,-0.27,7931,3136,0.4,36.1374202806119,15923,7.11718583181555,5.08
AE,IFB,DJA,2025-04-01,107243.74,58329.7100000001,0.84,7527,2934,0.39,36.5520586230403,15180,7.06480500658764,5.17
AE,IFB,DJA,2025-04-02,76516.4699999999,62457.4000000005,0.23,4662,2122,0.46,36.0586569274269,10006,7.64705876474114,4.72
AE,IFB,DJA,2025-04-03,65734.89,58009.7200000006,0.13,4286,1983,0.46,33.1492133131618,9102,7.22202702702702,4.59
AE,IFB,DJA,2025-04-04,78940.5900000002,74974.4299999987,0.05,5004,2321,0.46,34.0114562688497,10829,7.28973958814297,4.67
AE,IFB,DJA,2025-04-05,128737.319999998,73502.3799999986,0.75,8348,3571,0.43,36.0507756930828,18550,6.94001725067378,5.19
AE,IFB,DJA,2025-04-06,141112.379999997,116638.129999998,0.21,8669,3845,0.44,36.7002288686599,20452,6.89968609426938,5.32
AE,IFB,DJA,2025-04-07,52740.05,123715.529999997,-0.57,3213,1595,0.5,33.0658620689655,6801,7.7547493015733,4.26
AE,IFB,DJA,2025-04-08,55338.7500000003,89398.4599999978,-0.38,3396,1739,0.51,31.8221679125936,7337,7.54242197083281,4.22
AE,IFB,DJA,2025-04-09,56820.3500000002,95938.4199999973,-0.41,3441,1714,0.5,33.1507292882148,7317,7.76552548858825,4.27
AE,IFB,DJA,2025-04-10,61216.07,87419.2799999978,-0.3,3549,1804,0.51,33.9335199556541,8080,7.57624628712871,4.48
AE,IFB,DJA,2025-04-11,84280.9300000005,97228.0399999979,-0.13,4847,2524,0.52,33.3918106180667,11471,7.34730450701774,4.54
AE,IFB,DJA,2025-04-12,150514.88,99061.9999999976,0.52,8724,4019,0.46,37.4508285643195,20805,7.23455323239607,5.18
AE,IFB,DJA,2025-04-13,169706.549999999,104353.309999998,0.63,9712,4274,0.44,39.7067267197003,23390,7.25551731509189,5.47
AE,IFB,DJA,2025-04-14,48834.6399999998,111484.019999997,-0.56,3056,1477,0.48,33.0633987813133,6406,7.62326568841709,4.34
AE,IFB,DJA,2025-04-15,54005.6700000001,46287.2700000004,0.17,3181,1666,0.52,32.416368547419,7103,7.60321976629594,4.26
AE,IFB,DJA,2025-04-16,56615.64,8543.65000000002,5.63,3386,1708,0.5,33.1473302107728,7559,7.48983198835825,4.43
AE,IFB,DJA,2025-04-17,61134.6200000001,23525.46,1.6,3704,1897,0.51,32.2270005271482,8361,7.31187896184668,4.41
AE,IFB,DJA,2025-04-18,99788.5500000003,33459.4000000002,1.98,5967,2821,0.47,35.373466855725,14097,7.07870823579487,5.0
AE,IFB,DJA,2025-04-19,136323.26,34221.3100000001,2.98,7867,3667,0.47,37.1756913007908,18812,7.24661173718903,5.13
AE,IFB,DJA,2025-04-20,156404.159999998,97588.0499999981,0.6,8439,3903,0.46,40.0728055342041,21767,7.18537970322041,5.58
AE,IFB,DJA,2025-04-21,54874.0999999998,132745.569999998,-0.59,3320,1680,0.51,32.6631547619046,7343,7.47298107040716,4.37
AE,IFB,DJA,2025-04-22,56124.0399999999,46724.0600000003,0.2,3238,1633,0.5,34.368671157379,7500,7.48320533333333,4.59
AE,IFB,DJA,2025-04-23,60021.6699999998,50360.8800000004,0.19,3435,1812,0.53,33.1245419426047,7870,7.62664167725538,4.34
AE,IFB,DJA,2025-04-24,59587.2899999997,119442.519999998,-0.5,3551,1797,0.51,33.1593155258763,8225,7.2446553191489,4.58
AE,IFB,DJA,2025-04-25,80290.0000000002,54781.2600000004,0.47,4988,2503,0.5,32.0775069916101,11606,6.91797346200243,4.64
AE,IFB,DJA,2025-04-26,143320.009999999,73934.7499999975,0.94,9300,4104,0.44,34.9220297270953,21239,6.74796412260461,5.18
AE,IFB,DJA,2025-04-27,156225.749999997,138358.889999998,0.13,9470,4204,0.44,37.1612155090383,23242,6.7216999397641,5.53
AE,IFB,DJA,2025-04-28,55313.5400000005,145733.209999997,-0.62,3550,1798,0.51,30.7639265850948,7785,7.10514322414907,4.33
AE,IFB,DJA,2025-04-29,61642.4099999999,57325.8200000002,0.08,3623,1998,0.55,30.852057057057,8806,7.00004655916419,4.41
AE,IFB,DJA,2025-04-30,57557.6699999996,55196.4200000003,0.04,3581,1979,0.55,29.0842193026779,8394,6.85700142959252,4.24
AE,IFB,DJA,2025-05-01,63551.4400000004,67468.1600000001,-0.06,3920,2008,0.51,31.6491235059763,9230,6.88531310942583,4.6
AE,IFB,DJA,2025-05-02,92787.180000001,41184.9400000006,1.25,5646,2832,0.5,32.763834745763,13216,7.02082173123494,4.67
AE,IFB,DJA,2025-05-03,151777.439999999,79701.0299999974,0.9,9801,4272,0.44,35.5284269662919,22416,6.77094218415413,5.25
AE,IFB,DJA,2025-05-04,168100.629999999,133873.109999997,0.26,9957,4315,0.43,38.9572723059094,24168,6.95550438596489,5.6
AE,IFB,DJA,2025-05-05,54915.5799999997,140247.399999997,-0.61,3240,1729,0.53,31.7614690572584,7572,7.2524537770734,4.38
AE,IFB,DJA,2025-05-06,59721.4100000001,53641.6700000001,0.11,3540,1856,0.52,32.1774838362069,8349,7.15312133189605,4.5
AE,IFB,DJA,2025-05-07,59999.2200000007,52673.9000000003,0.14,3521,1879,0.53,31.9314635444389,8640,6.94435416666675,4.6
AE,IFB,DJA,2025-05-08,59057.0400000005,57835.5700000002,0.02,3534,1879,0.53,31.4300372538587,8361,7.06339433082173,4.45
AE,IFB,DJA,2025-05-09,84933.5000000001,54377.3300000004,0.56,5238,2633,0.5,32.2573110520319,12682,6.69716921621196,4.82
AE,IFB,DJA,2025-05-10,143079.899999998,80211.7399999974,0.78,9304,4032,0.43,35.4860863095234,21374,6.69410966594921,5.3
AE,IFB,DJA,2025-05-11,156646.06,134436.669999997,0.17,9616,4125,0.43,37.9748024242424,23444,6.68171216515953,5.68
AE,IFB,DJA,2025-05-12,49397.4099999998,148588.789999997,-0.67,3354,1784,0.53,27.6891311659192,7255,6.80874017918674,4.07
AE,IFB,DJA,2025-05-13,53513.6700000004,47107.7800000005,0.14,3453,1832,0.53,29.2105185589522,8005,6.68503060587139,4.37
AE,IFB,DJA,2025-05-14,55572.7700000001,51309.1500000004,0.08,3531,1882,0.53,29.5285706695005,7968,6.97449422690764,4.23
AE,IFB,DJA,2025-05-15,60344.3500000005,56623.4300000004,0.07,3626,1931,0.53,31.2503107198345,9144,6.59933836395456,4.74
AE,IFB,DJA,2025-05-16,86694.0900000015,52126.5000000002,0.66,5639,2762,0.49,31.3881571325132,12846,6.74872255955173,4.65
AE,IFB,DJA,2025-05-17,149058.849999999,78136.5199999973,0.91,9710,4125,0.42,36.1354787878786,21994,6.77725061380373,5.33
AE,IFB,DJA,2025-05-18,159647.020000002,138084.279999997,0.16,9489,4167,0.44,38.3122198224148,23319,6.84622067841685,5.6
AE,IFB,DJA,2025-05-19,53106.0600000005,142705.549999998,-0.63,3640,1837,0.5,28.90912357104,7570,7.01533157199478,4.12
AE,IFB,DJA,2025-05-20,61360.0200000007,50271.0500000002,0.22,3705,1870,0.5,32.8128449197864,8592,7.14152932960902,4.59
AE,IFB,DJA,2025-05-21,61112.0100000003,50691.6700000003,0.21,3636,1913,0.53,31.9456403554628,8440,7.24075947867302,4.41
AE,IFB,DJA,2025-05-22,60198.1900000003,48963.0900000007,0.23,3645,1908,0.52,31.5504140461217,8789,6.84926499032886,4.61
AE,IFB,DJA,2025-05-23,86069.8000000007,56370.3899999997,0.53,5463,2688,0.49,32.0200148809526,12619,6.82065139868458,4.69
AE,IFB,DJA,2025-05-24,150414.569999997,82468.989999998,0.82,9937,4349,0.44,34.5860128765227,22868,6.57751311876846,5.26
AE,IFB,DJA,2025-05-25,160559.359999997,147745.469999998,0.09,9906,4233,0.43,37.9303945192528,24177,6.64099598792228,5.71
AE,IFB,DJA,2025-05-26,53726.5400000005,163128.999999997,-0.67,3600,1774,0.49,30.2855355129653,7426,7.234923242661,4.19
AE,IFB,DJA,2025-05-27,57256.44,55141.3200000001,0.04,3547,1797,0.51,31.8622370617696,8000,7.157055,4.45
AE,IFB,DJA,2025-05-28,58303.3599999999,54042.1500000001,0.08,3675,1938,0.53,30.0842930856552,8402,6.93922399428706,4.34
AE,IFB,DJA,2025-05-29,61981.4499999998,56151.8500000002,0.1,3767,1911,0.51,32.434039769754,8542,7.25608171388432,4.47
AE,IFB,DJA,2025-05-30,86774.8600000011,57074.3700000005,0.52,5582,2636,0.47,32.9191426403646,12671,6.84830400126281,4.81
AE,IFB,DJA,2025-05-31,146624.419999998,82923.719999998,0.77,9233,4163,0.45,35.2208551525338,22059,6.64692053130233,5.3
AE,IFB,DJA,2025-06-01,148742.05,151292.209999999,-0.02,9437,4025,0.43,36.9545465838509,22774,6.53122200755247,5.66
AE,IFB,DJA,2025-06-02,53009.3100000004,162387.699999998,-0.67,3560,1692,0.48,31.3293794326243,7565,7.00717911434242,4.47
AE,IFB,DJA,2025-06-03,55786.8600000006,51259.8199999999,0.09,3694,1810,0.49,30.82146961326,8063,6.91887138782099,4.45
AE,IFB,DJA,2025-06-04,63649.2600000008,49500.6200000001,0.29,4235,2065,0.49,30.8228861985476,9148,6.95772409269794,4.43
AE,IFB,DJA,2025-06-05,118984.089999999,59025.3499999997,1.02,8126,3491,0.43,34.0830965339441,17214,6.91205356105489,4.93
AE,IFB,DJA,2025-06-06,132416.29,61308.2599999997,1.16,9309,3736,0.4,35.4433324411137,20211,6.55169412696061,5.41
AE,IFB,DJA,2025-06-07,145424.439999999,77525.5799999973,0.88,10224,4117,0.4,35.3229147437452,21746,6.68741101811824,5.28
AE,IFB,DJA,2025-06-08,152973.429999996,141645.899999997,0.08,9960,4242,0.43,36.0616289486083,22890,6.682980777632,5.4
AE,IFB,DJA,2025-06-09,51448.9700000004,157624.639999996,-0.67,3464,1724,0.5,29.842790023202,7477,6.88096429049089,4.34
AE,IFB,DJA,2025-06-10,52698.0600000007,52645.7299999999,0.0,3543,1785,0.5,29.522722689076,7847,6.7156951701288,4.4
AE,IFB,DJA,2025-06-11,56965.1800000001,51464.1899999998,0.11,3400,1791,0.53,31.8063539921831,7617,7.47868977287647,4.25
AE,IFB,DJA,2025-06-12,70044.2800000007,54814.3499999999,0.28,3779,2023,0.54,34.6239644092934,9036,7.75169101372296,4.47
AE,IFB,DJA,2025-06-13,114663.529999999,53148.46,1.16,6048,2918,0.48,39.2952467443452,14299,8.01898943982092,4.9
AE,IFB,DJA,2025-06-14,171577.510000001,75798.6099999977,1.26,9601,4257,0.44,40.3047944561901,22385,7.66484297520667,5.26
AE,IFB,DJA,2025-06-15,184986.069999999,125799.619999998,0.47,9821,4142,0.42,44.6610502172863,23913,7.73579517417304,5.77
AE,IFB,DJA,2025-06-16,62784.2500000003,145453.159999997,-0.57,3145,1675,0.53,37.4831343283584,8768,7.1606124543796,5.23
AE,IFB,DJA,2025-06-17,63597.3900000002,125396.109999999,-0.49,3637,1888,0.52,33.6850582627119,8322,7.64208002883924,4.41
AE,IFB,DJA,2025-06-18,59216.810000001,111054.539999999,-0.47,3489,1884,0.54,31.431427813164,8037,7.36802413836021,4.27
AE,IFB,DJA,2025-06-19,63803.2900000007,57706.4899999998,0.11,3801,1992,0.52,32.0297640562252,8692,7.34046134376447,4.36
AE,IFB,DJA,2025-06-20,90100.6000000007,56034.9599999997,0.61,5207,2484,0.48,36.2723832528183,11799,7.63629121111965,4.75
AE,IFB,DJA,2025-06-21,141986.62,74998.4199999974,0.89,9108,3906,0.43,36.3509011776755,19829,7.1605537344294,5.08
AE,IFB,DJA,2025-06-22,147679.92,128890.669999997,0.15,9137,3932,0.43,37.5584740590032,20468,7.21516122728165,5.21
AE,IFB,DJA,2025-06-23,51862.6400000002,144478.439999994,-0.64,3126,1585,0.51,32.7209085173503,6584,7.87707168894293,4.15
AE,IFB,DJA,2025-06-24,51095.9000000005,46479.4600000004,0.1,3265,1666,0.51,30.6698079231696,7215,7.0818988218989,4.33
AE,IFB,DJA,2025-06-25,55546.2200000004,53540.0700000003,0.04,3459,1750,0.51,31.7406971428574,7909,7.02316601340251,4.52
AE,IFB,DJA,2025-06-26,63581.0800000007,51057.1199999999,0.25,3874,1933,0.5,32.892436627005,8583,7.40779214726794,4.44
AE,IFB,DJA,2025-06-27,138687.079999999,54679.0799999998,1.54,8635,3625,0.42,38.258504827586,19071,7.27214514183837,5.26
AE,IFB,DJA,2025-06-28,123343.59,79190.889999997,0.56,8321,3565,0.43,34.5984824684432,17751,6.94854318066588,4.98
AE,IFB,DJA,2025-06-29,146222.709999999,132949.609999996,0.1,8919,3779,0.42,38.6934929875628,20502,7.13211930543361,5.43
AE,IFB,DJA,2025-06-30,53409.5100000002,160901.419999997,-0.67,3844,1755,0.46,30.4327692307693,7806,6.84210991544969,4.45
AE,Store,YAS,2025-01-01,828293.610000001,933369.029999997,-0.11,4742,1394,0.294,594.184799139168,22490,36.8294179635394,16.13
AE,Store,YAS,2025-01-02,556059.51,745355.999999999,-0.25,3211,1004,0.313,553.844133466136,12147,45.7775179056557,12.1
AE,Store,YAS,2025-01-03,606302.71,742027.629999998,-0.18,3464,1187,0.343,510.785770850884,15610,38.840660474055,13.15
AE,Store,YAS,2025-01-04,879864.0399999979,734586.769999999,0.2,5197,1610,0.31,546.499403726707,21719,40.5112592660803,13.49
AE,Store,YAS,2025-01-05,768639.539999999,805864.79,-0.05,4295,1503,0.35,511.403552894211,18089,42.4920968544418,12.04
AE,Store,YAS,2025-01-06,444163.22,1174843.09999999,-0.62,1959,831,0.424,534.492442839952,9176,48.4048844812554,11.04
AE,Store,YAS,2025-01-07,652484.059999999,1070354.13999999,-0.39,2099,889,0.424,733.952823397074,12802,50.9673535385095,14.4
AE,Store,YAS,2025-01-08,606849.45,633666.949999999,-0.04,1997,875,0.438,693.542228571429,11094,54.7006895619254,12.68
AE,Store,YAS,2025-01-09,529759.35,583115.119999999,-0.09,1979,813,0.411,651.610516605166,12284,43.1259646694888,15.11
AE,Store,YAS,2025-01-10,643417.259999999,559514,0.15,2857,960,0.336,670.226312499999,12023,53.5155335606753,12.52
AE,Store,YAS,2025-01-11,972387.769999996,729096.519999999,0.33,4967,1630,0.328,596.556914110427,21515,45.1958061817334,13.2
AE,Store,YAS,2025-01-12,802861.079999999,828161.48,-0.03,4417,1476,0.334,543.94382113821,18542,43.2995944342573,12.56
AE,Store,YAS,2025-01-13,606514.800000001,1083719.84999999,-0.44,1886,817,0.433,742.368176254591,10328,58.725290472502,12.64
AE,Store,YAS,2025-01-14,422369.51,965929.5,-0.56,1783,773,0.434,546.402988357051,8803,47.9801783482903,11.39
AE,Store,YAS,2025-01-15,479559.779999999,660586.319999999,-0.27,1915,827,0.432,579.878814993953,10001,47.9511828817117,12.09
AE,Store,YAS,2025-01-16,516569.140000001,645940.109999999,-0.2,1876,768,0.409,672.616067708334,9637,53.6026917090381,12.55
AE,Store,YAS,2025-01-17,485425.400000001,555716.739999999,-0.13,3023,992,0.328,489.340120967743,11892,40.8194920955264,11.99
AE,Store,YAS,2025-01-18,888191.519999998,554202.089999999,0.6,5171,1629,0.315,545.237274401472,19788,44.8853608247421,12.15
AE,Store,YAS,2025-01-19,721317.519999996,647772.96,0.11,4333,1481,0.342,487.047616475352,18970,38.0241180811806,12.81
AE,Store,YAS,2025-01-20,470939.030000001,924574.410000001,-0.49,1665,713,0.428,660.503548387098,10566,44.5711745220519,14.82
AE,Store,YAS,2025-01-21,543438.24,1057470.7,-0.49,1792,772,0.431,703.935544041451,10689,50.8408868930676,13.85
AE,Store,YAS,2025-01-22,451558.18,552168.799999999,-0.18,1803,729,0.404,619.421371742113,8490,53.1870647820966,11.65
AE,Store,YAS,2025-01-23,480826.110000001,550492.679999999,-0.13,1881,787,0.418,610.96074968234,10078,47.7104693391547,12.81
AE,Store,YAS,2025-01-24,609497.339999999,495323.399999999,0.23,3183,1099,0.345,554.592666060054,13056,46.6833134191176,11.88
AE,Store,YAS,2025-01-25,1100235.57,584233.339999999,0.88,5212,1709,0.328,643.789098888239,24055,45.7383317397631,14.08
AE,Store,YAS,2025-01-26,901367.029999998,786345.98,0.15,4482,1543,0.344,584.16528191834,18932,47.6107664272131,12.27
AE,Store,YAS,2025-01-27,580506.489999998,1402387.06999999,-0.59,2115,939,0.444,618.2177742279,12402,46.8074899209803,13.21
AE,Store,YAS,2025-01-28,559654.48,1186478.30999999,-0.53,2040,926,0.454,604.37848812095,12870,43.4851965811966,13.9
AE,Store,YAS,2025-01-29,565923.179999999,676914.159999999,-0.16,2285,986,0.432,573.958600405679,12030,47.0426583541146,12.2
AE,Store,YAS,2025-01-30,789650.179999995,787728.2899999979,0,2218,938,0.423,841.84454157782,13709,57.6008592895175,14.62
AE,Store,YAS,2025-01-31,594322.439999999,740152.539999999,-0.2,3411,1121,0.329,530.171668153433,14164,41.9600706015249,12.64
AE,Store,YAS,2025-02-01,1237752.58999999,662778.51,0.87,5270,1785,0.339,693.41881792717,24170,51.210285064129,13.54
AE,Store,YAS,2025-02-02,1152289.77,788081.76,0.46,4726,1710,0.362,673.853666666667,23088,49.9086005717256,13.5
AE,Store,YAS,2025-02-03,699207.589999994,1241893.86999999,-0.44,1969,888,0.451,787.395934684678,13650,51.2239992673988,15.37
AE,Store,YAS,2025-02-04,721150.299999998,1097007.25999999,-0.34,2044,918,0.449,785.566775599126,13950,51.6953620071683,15.2
AE,Store,YAS,2025-02-05,439708.48,575736.62,-0.24,1915,874,0.456,503.098947368422,10198,43.1171288487939,11.67
AE,Store,YAS,2025-02-06,675944.439999995,528722.739999999,0.28,2025,853,0.421,792.43193434935,12456,54.2665735388564,14.6
AE,Store,YAS,2025-02-07,687988.639999998,659470.059999999,0.04,3114,1120,0.36,614.27557142857,14521,47.3788747331449,12.97
AE,Store,YAS,2025-02-08,985181.599999996,591226.929999999,0.67,5709,1855,0.325,531.095202156332,23430,42.0478702518137,12.63
AE,Store,YAS,2025-02-09,1287993.88000001,788313.88,0.63,4691,1700,0.362,757.643458823538,24198,53.2272865526083,14.23
AE,Store,YAS,2025-02-10,611278.59,1126054.09999999,-0.46,2412,950,0.394,643.451147368421,12241,49.9369814557634,12.89
AE,Store,YAS,2025-02-11,637512.020000001,986785.109999995,-0.35,2518,933,0.371,683.292625937836,12385,51.4745272507066,13.27
AE,Store,YAS,2025-02-12,510577.709999998,432874.97,0.18,2479,980,0.395,520.997663265304,11742,43.4830275932548,11.98
AE,Store,YAS,2025-02-13,650519.979999998,589451.529999999,0.1,2192,862,0.393,754.663549883989,12476,52.1417104841294,14.47
AE,Store,YAS,2025-02-14,540392.57,493221.569999999,0.1,2838,1018,0.359,530.837495088408,12100,44.6605429752066,11.89
AE,Store,YAS,2025-02-15,794894.220000002,572034.599999999,0.39,5059,1630,0.322,487.665165644173,18099,43.919234211835,11.1
AE,Store,YAS,2025-02-16,770315.57,840888.869999999,-0.08,4134,1439,0.348,535.313113273106,18662,41.2772248419247,12.97
AE,Store,YAS,2025-02-17,448947.070000001,997816.319999998,-0.55,1759,788,0.448,569.72978426396,11137,40.311310945497,14.13
AE,Store,YAS,2025-02-18,466228.210000001,889218.839999999,-0.48,1961,804,0.41,579.885833333334,15915,29.2948922400252,19.79
AE,Store,YAS,2025-02-19,581627.770000001,651539.029999999,-0.11,1983,864,0.436,673.180289351853,12698,45.8046755394551,14.7
AE,Store,YAS,2025-02-20,585084.01,675167.51,-0.13,2075,874,0.421,669.432505720824,19330,30.268184687015,22.12
AE,Store,YAS,2025-02-21,637681.410000002,548087.68,0.16,2978,1095,0.368,582.357452054796,19079,33.4232092876986,17.42
AE,Store,YAS,2025-02-22,1067768.47999999,532348.469999999,1.01,5125,1644,0.321,649.49420924574,23728,45.0003573836815,14.43
AE,Store,YAS,2025-02-23,978087.289999999,576773.029999999,0.7,4173,1461,0.35,669.4642642026,21656,45.1647252493534,14.82
AE,Store,YAS,2025-02-24,578798.85,830924.930000001,-0.3,1895,883,0.466,655.491336353341,12915,44.8160162601626,14.63
AE,Store,YAS,2025-02-25,561170.190000001,973607.07,-0.42,2163,916,0.423,612.631211790394,16542,33.9239626405513,18.06
AE,Store,YAS,2025-02-26,661686.32,698122.290000001,-0.05,2335,1032,0.442,641.168914728683,14554,45.4642242682424,14.1
AE,Store,YAS,2025-02-27,967125.720000002,822399.559999998,0.18,2696,1236,0.458,782.464174757283,20191,47.8988519637463,16.34
AE,Store,YAS,2025-02-28,927930.869999998,775468.369999999,0.2,3925,1537,0.392,603.728607677292,22259,41.6878956826451,14.48
AE,Store,YAS,2025-03-01,1036377.67999999,873847.149999999,0.19,4287,1671,0.39,620.214051466187,25987,39.880620310155,15.55
AE,Store,YAS,2025-03-02,1016264.25,1324440.32999999,-0.23,3982,1601,0.402,634.76842598376,21138,48.0775972182799,13.2
AE,Store,YAS,2025-03-03,593477.779999997,1315537.09999999,-0.55,2022,968,0.479,613.096880165287,12055,49.2308403152217,12.45
AE,Store,YAS,2025-03-04,509403.339999999,754659.299999999,-0.32,1915,909,0.475,560.399713971396,11235,45.3407512238539,12.36
AE,Store,YAS,2025-03-05,448346.57,818162.299999998,-0.45,1983,903,0.455,496.507829457364,10895,41.1515897200551,12.07
AE,Store,YAS,2025-03-06,508026.04,790881.939999998,-0.36,2090,918,0.439,553.405272331154,10960,46.3527408759124,11.94
AE,Store,YAS,2025-03-07,710472.239999998,763005.06,-0.07,3213,1181,0.368,601.585300592717,14289,49.7216208272096,12.1
AE,Store,YAS,2025-03-08,845793.330000001,921596.549999998,-0.08,4423,1659,0.375,509.821175406872,18547,45.6027028629967,11.18
AE,Store,YAS,2025-03-09,787005.569999999,1128311.78999999,-0.3,4198,1518,0.362,518.448992094861,17267,45.5785932704001,11.37
AE,Store,YAS,2025-03-10,471617.179999999,1674875.89999999,-0.72,1830,850,0.464,554.84374117647,9366,50.3541725389707,11.02
AE,Store,YAS,2025-03-11,508342.749999999,512893.679999999,-0.01,1896,917,0.484,554.354143947654,10838,46.9037414652149,11.82
AE,Store,YAS,2025-03-12,549117.609999999,526817.859999999,0.04,1920,898,0.468,611.489543429843,11158,49.2129064348449,12.43
AE,Store,YAS,2025-03-13,427654.499999999,526676.91,-0.19,1946,888,0.456,481.592905405405,9896,43.2148848019401,11.14
AE,Store,YAS,2025-03-14,536604.61,713652.139999999,-0.25,2849,1059,0.372,506.708791312559,11651,46.0565281950047,11.0
AE,Store,YAS,2025-03-15,772404.239999999,549008.569999999,0.41,4546,1613,0.355,478.861897086174,18168,42.5145442536327,11.26
AE,Store,YAS,2025-03-16,824924.659999999,976724.869999995,-0.16,3853,1439,0.373,573.262446143154,18563,44.4391887087216,12.9
AE,Store,YAS,2025-03-17,475281.52,1111456.94999999,-0.57,1790,787,0.44,603.915527318933,9285,51.1881012385568,11.8
AE,Store,YAS,2025-03-18,468784.469999999,462089.979999999,0.01,1896,833,0.439,562.766470588234,9817,47.7523143526535,11.79
AE,Store,YAS,2025-03-19,429817.09,573567.77,-0.25,2002,854,0.427,503.298700234192,10347,41.5402619116652,12.12
AE,Store,YAS,2025-03-20,408487.54,528846.559999999,-0.23,2011,792,0.394,515.767095959596,9091,44.9331800681993,11.48
AE,Store,YAS,2025-03-21,322280.939999999,434201.469999999,-0.26,2526,890,0.352,362.113415730336,9056,35.5875596289752,10.18
AE,Store,YAS,2025-03-22,603592.04,505025.029999999,0.2,4103,1388,0.338,434.864582132564,14333,42.1120519081839,10.33
AE,Store,YAS,2025-03-23,612082.719999999,905728.42,-0.32,4084,1432,0.351,427.432067039105,14578,41.9867416655233,10.18
AE,Store,YAS,2025-03-24,477322.56,859303.46,-0.44,2298,907,0.395,526.265226019846,10628,44.9117952578095,11.72
AE,Store,YAS,2025-03-25,571859.029999999,472179,0.21,2499,966,0.387,591.986573498964,11680,48.9605333904109,12.09
AE,Store,YAS,2025-03-26,450599.21,626032.020000001,-0.28,2290,906,0.396,497.350121412803,9426,47.8038627201358,10.4
AE,Store,YAS,2025-03-27,481819.87,634744.73,-0.24,2431,900,0.37,535.355411111111,10241,47.0481271360218,11.38
AE,Store,YAS,2025-03-28,552187.82,707379.97,-0.22,2909,1051,0.361,525.392787821122,11416,48.3696408549404,10.86
AE,Store,YAS,2025-03-29,592246.49,730832.72,-0.19,3927,1359,0.346,435.795798381162,15062,39.3205742929226,11.08
AE,Store,YAS,2025-03-30,414071.429999999,962070.549999998,-0.57,4425,1223,0.276,338.570261651675,11463,36.1224313007065,9.37
AE,Store,YAS,2025-03-31,612538.129999999,998702.519999996,-0.39,5534,1651,0.298,371.010375529981,15835,38.682546889801,9.59
AE,Store,YAS,2025-04-01,675248.009999999,788814.079999999,-0.14,5047,1704,0.338,396.272306338027,17589,38.3903581784069,10.32
AE,Store,YAS,2025-04-02,627250.889999999,737634.900000001,-0.15,3011,1061,0.352,591.188397737982,13130,47.7723450114241,12.38
AE,Store,YAS,2025-04-03,538961.83,550553.33,-0.02,3001,1124,0.375,479.503407473309,13363,40.3323976651949,11.89
AE,Store,YAS,2025-04-04,576568.749999999,556623.04,0.04,3502,1222,0.349,471.823854337151,14048,41.0427640945329,11.5
AE,Store,YAS,2025-04-05,937043.279999997,581263.92,0.61,5025,1703,0.339,550.230933646504,19365,48.3884988381098,11.37
AE,Store,YAS,2025-04-06,721692.299999998,847240.599999997,-0.15,4166,1577,0.379,457.636207989852,17654,40.8798176050752,11.19
AE,Store,YAS,2025-04-07,464803.939999999,752197.630000001,-0.38,1985,838,0.422,554.658639618138,10128,45.8929640600315,12.09
AE,Store,YAS,2025-04-08,514681.039999999,669075.879999998,-0.23,2220,881,0.397,584.200953461974,10512,48.9612861491628,11.93
AE,Store,YAS,2025-04-09,468777.829999999,575020.129999999,-0.18,2151,889,0.413,527.309145106861,10834,43.269136976186,12.19
AE,Store,YAS,2025-04-10,515953.329999999,326561.79,0.58,2119,854,0.403,604.160807962528,9975,51.7246446115287,11.68
AE,Store,YAS,2025-04-11,496201.069999999,536945.540000001,-0.08,2981,1135,0.381,437.181559471365,11532,43.0281885189038,10.16
AE,Store,YAS,2025-04-12,890422.909999997,504040.33,0.77,5176,1761,0.34,505.634815445768,19126,46.5556263724771,10.86
AE,Store,YAS,2025-04-13,703825.289999999,741904.879999998,-0.05,4231,1542,0.364,456.436634241244,16439,42.8143615791714,10.66
AE,Store,YAS,2025-04-14,731860.669999999,816088.68,-0.1,1752,744,0.425,983.683696236558,11984,61.0698155874498,16.11
AE,Store,YAS,2025-04-15,576126.829999999,419470.28,0.37,1891,763,0.403,755.081035386631,9672,59.5664629859387,12.68
AE,Store,YAS,2025-04-16,503795.91,225741.869999999,1.23,1910,820,0.429,614.385256097561,9703,51.9216644336803,11.83
AE,Store,YAS,2025-04-17,346988.259999999,425071.97,-0.18,1930,734,0.38,472.736049046321,8184,42.3983699902248,11.15
AE,Store,YAS,2025-04-18,573631.669999999,455012.059999999,0.26,2983,1066,0.357,538.116013133208,12452,46.0674325409572,11.68
AE,Store,YAS,2025-04-19,770220.719999999,652243.030000001,0.18,5058,1611,0.319,478.101005586592,18567,41.4833155598642,11.53
AE,Store,YAS,2025-04-20,672343.519999999,925829.049999996,-0.27,4287,1509,0.352,445.555679257786,16814,39.9871250148685,11.14
AE,Store,YAS,2025-04-21,407303.159999999,792434.209999998,-0.49,1733,740,0.427,550.409675675675,8584,47.4491099720409,11.6
AE,Store,YAS,2025-04-22,552669.53,438210.26,0.26,1939,734,0.379,752.955762942779,8667,63.7671085727472,11.81
AE,Store,YAS,2025-04-23,451903.649999998,474315.69,-0.05,1766,722,0.409,625.90533240997,8173,55.2922611036337,11.32
AE,Store,YAS,2025-04-24,437948.729999999,384571.08,0.14,2093,814,0.389,538.020552825552,9767,44.8396365311763,12.0
AE,Store,YAS,2025-04-25,620561.239999999,540751.55,0.15,3248,1174,0.361,528.587086882452,14196,43.7138095238094,12.09
AE,Store,YAS,2025-04-26,991910.529999997,743850.32,0.33,6270,2078,0.331,477.33904234841,24467,40.540749989782,11.77
AE,Store,YAS,2025-04-27,973495.309999997,1070137.47999999,-0.09,4964,1877,0.378,518.644278103355,22943,42.4310382251666,12.22
AE,Store,YAS,2025-04-28,500034.599999999,1003771.20999999,-0.5,1896,897,0.473,557.452173913043,10902,45.8663181067693,12.15
AE,Store,YAS,2025-04-29,631854.68,621476.270000001,0.02,2107,974,0.462,648.721437371663,13022,48.5220918445707,13.37
AE,Store,YAS,2025-04-30,526871.669999999,608451.13,-0.13,2103,887,0.422,593.992863585117,12074,43.6368784164319,13.61
AE,Store,YAS,2025-05-01,563817.509999999,731986.989999999,-0.23,2095,955,0.456,590.38482722513,11606,48.5798302602101,12.15
AE,Store,YAS,2025-05-02,598478.199999999,823449.41,-0.27,3306,1106,0.335,541.11952983725,13572,44.0965369879162,12.27
AE,Store,YAS,2025-05-03,984225.259999995,857189.779999999,0.15,5916,2023,0.342,486.517676717743,23781,41.387042597031,11.76
AE,Store,YAS,2025-05-04,998565.419999995,1091108.55999999,-0.08,4793,1789,0.373,558.169603130237,22099,45.1860002715052,12.35
AE,Store,YAS,2025-05-05,449552.529999999,1040385.60999999,-0.57,1935,901,0.466,498.948423973361,10034,44.8029230615905,11.14
AE,Store,YAS,2025-05-06,561253.999999999,473707.12,0.18,1949,908,0.466,618.121145374449,11407,49.2025948978697,12.56
AE,Store,YAS,2025-05-07,461233.59,541950.01,-0.15,2051,875,0.427,527.124102857143,10473,44.0402549412776,11.97
AE,Store,YAS,2025-05-08,459658.889999999,614853.75,-0.25,2140,877,0.41,524.126442417331,10053,45.7235541629363,11.46
AE,Store,YAS,2025-05-09,572263.389999999,587603.590000001,-0.03,3222,1137,0.353,503.309929639401,12521,45.7042879961664,11.01
AE,Store,YAS,2025-05-10,926653.399999996,604569.35,0.53,5806,1895,0.326,488.999155672821,25275,36.6628447082095,13.34
AE,Store,YAS,2025-05-11,735103.409999997,1088233.41999999,-0.32,4674,1620,0.347,453.767537037035,18949,38.7937838408357,11.7
AE,Store,YAS,2025-05-12,418451.249999999,906612.619999995,-0.54,1903,818,0.43,511.554095354522,10094,41.4554438280165,12.34
AE,Store,YAS,2025-05-13,473823.129999999,535398.79,-0.12,1967,857,0.436,552.885799299883,10196,46.4714721459395,11.9
AE,Store,YAS,2025-05-14,473797.489999999,534645.69,-0.11,1817,759,0.418,624.239117259551,8616,54.9904236304548,11.35
AE,Store,YAS,2025-05-15,366968.999999999,467528.41,-0.22,1979,794,0.401,462.177581863978,8620,42.5718097447794,10.86
AE,Store,YAS,2025-05-16,495535.999999997,451583.979999999,0.1,3136,1117,0.356,443.631154879138,13708,36.1494018091623,12.27
AE,Store,YAS,2025-05-17,873645.719999997,564416.76,0.55,6239,2087,0.335,418.613186391949,24037,36.3458717810042,11.52
AE,Store,YAS,2025-05-18,843228.489999996,1110438.71999999,-0.24,4953,1846,0.373,456.786830985913,21566,39.0999021608085,11.68
AE,Store,YAS,2025-05-19,350572.499999999,800806.13,-0.56,1817,769,0.423,455.881014304291,7804,44.9221553049717,10.15
AE,Store,YAS,2025-05-20,432248.139999998,512297.779999999,-0.16,1907,791,0.415,546.457825537292,10177,42.4730411712684,12.87
AE,Store,YAS,2025-05-21,411429.359999998,423733.329999999,-0.03,1928,801,0.415,513.644644194755,9175,44.8424370572205,11.45
AE,Store,YAS,2025-05-22,389307.109999999,621516.919999999,-0.37,1919,832,0.434,467.91719951923,9464,41.1355779797125,11.38
AE,Store,YAS,2025-05-23,626949.319999998,577972.9,0.08,3364,1143,0.34,548.512090988625,16986,36.9097680442716,14.86
AE,Store,YAS,2025-05-24,845747.419999999,543372.22,0.56,5727,1859,0.325,454.947509413662,22648,37.3431393500529,12.18
AE,Store,YAS,2025-05-25,774440.579999998,991432.399999997,-0.22,4395,1605,0.365,482.517495327101,18593,41.6522659065238,11.58
AE,Store,YAS,2025-05-26,291748.669999999,892423.649999998,-0.67,1638,704,0.43,414.415724431817,7303,39.9491537724222,10.37
AE,Store,YAS,2025-05-27,497069.919999998,640442.54,-0.22,2148,914,0.426,543.840175054703,11096,44.7972170151404,12.14
AE,Store,YAS,2025-05-28,752621.939999998,591127.739999999,0.27,2296,943,0.411,798.114464475078,13743,54.764020956123,14.57
AE,Store,YAS,2025-05-29,493319.459999999,556476.21,-0.11,2192,907,0.414,543.902381477397,10802,45.6692705054618,11.91
AE,Store,YAS,2025-05-30,540919.79,615192.29,-0.12,3180,1162,0.365,465.50756454389,14074,38.4339768367202,12.11
AE,Store,YAS,2025-05-31,889785.489999998,567019.03,0.57,5648,1897,0.336,469.048755930415,21811,40.7952633992021,11.5
AE,Store,YAS,2025-06-01,1043051.38999999,879303.979999996,0.19,4678,1692,0.362,616.460632387706,21076,49.4900071170999,12.46
AE,Store,YAS,2025-06-02,555174.589999999,858799.809999996,-0.35,1982,837,0.422,663.291027479091,10294,53.9318622498542,12.3
AE,Store,YAS,2025-06-03,479727.14,612488.23,-0.22,1947,827,0.425,580.081185006046,10687,44.8888500046786,12.92
AE,Store,YAS,2025-06-04,516301.609999999,554516.729999999,-0.07,2263,887,0.392,582.076223224351,11286,45.7470857699804,12.72
AE,Store,YAS,2025-06-05,648388.909999999,415840.829999999,0.56,4604,1584,0.344,409.336433080807,17095,37.9285703422053,10.79
AE,Store,YAS,2025-06-06,483941.880000001,543620.45,-0.11,5685,1642,0.289,294.727088915956,15847,30.5383908626239,9.65
AE,Store,YAS,2025-06-07,583888.679999999,538200.52,0.08,6334,1972,0.311,296.089594320486,19678,29.6721557068807,9.98
AE,Store,YAS,2025-06-08,651481.46,933273.049999998,-0.3,4664,1592,0.341,409.222022613065,16217,40.1727483504964,10.19
AE,Store,YAS,2025-06-09,442193.629999999,780095.319999999,-0.43,1923,810,0.421,545.918061728393,9937,44.4997111804366,12.27
AE,Store,YAS,2025-06-10,439360.26999999897,505113.3,-0.13,2019,807,0.4,544.43651796778,9610,45.7190707596253,11.91
AE,Store,YAS,2025-06-11,430287.789999999,462667.79,-0.07,1968,729,0.37,590.243882030177,8998,47.8203811958212,12.34
AE,Store,YAS,2025-06-12,454025.799999999,557197.529999999,-0.19,2031,712,0.351,637.676685393257,9516,47.7118327028162,13.37
AE,Store,YAS,2025-06-13,349679.439999999,461371.539999999,-0.24,3106,863,0.278,405.190544611818,9191,38.045853552388,10.65
AE,Store,YAS,2025-06-14,699504.84,516623.88,0.35,5056,1475,0.292,474.240569491525,16263,43.0120420586607,11.03
AE,Store,YAS,2025-06-15,681513.17,551695.93,0.24,4494,1329,0.296,512.801482317532,15182,44.8895514424977,11.42
AE,Store,YAS,2025-06-16,296899.46,417859.08,-0.29,1630,632,0.388,469.777626582278,7475,39.7189913043478,11.83
AE,Store,YAS,2025-06-17,413292.749999999,532642.959999999,-0.22,1837,691,0.376,598.108176555715,7622,54.2236617685646,11.03
AE,Store,YAS,2025-06-18,384138.899999999,684427.480000001,-0.44,1995,699,0.35,549.554935622317,8776,43.7715246125797,12.56
AE,Store,YAS,2025-06-19,367910.309999999,508202.829999999,-0.28,2072,619,0.299,594.36237479806,7728,47.6074417701862,12.48
AE,Store,YAS,2025-06-20,548601.22,480882.35,0.14,2937,872,0.297,629.129839449541,10379,52.8568474804894,11.9
AE,Store,YAS,2025-06-21,746387.52,466669.61,0.6,4926,1429,0.29,522.314569629111,16105,46.3450804098106,11.27
AE,Store,YAS,2025-06-22,636311.660000001,925652.829999998,-0.31,4246,1257,0.296,506.214526650756,15151,41.9979974919147,12.05
AE,Store,YAS,2025-06-23,486714.98,790053.629999999,-0.38,1763,625,0.355,778.743968,9069,53.667987650237,14.51
AE,Store,YAS,2025-06-24,473129.409999999,546954.559999999,-0.13,2095,736,0.351,642.838872282608,9482,49.8976386838219,12.88
AE,Store,YAS,2025-06-25,456709.879999999,620116.81,-0.26,2179,727,0.334,628.211664374139,8862,51.5357571654253,12.19
AE,Store,YAS,2025-06-26,785739.870000001,612585.33,0.28,2349,841,0.358,934.292354340072,12454,63.0913658262406,14.81
AE,Store,YAS,2025-06-27,982867.329999998,737543.26,0.33,5748,1654,0.288,594.236596130591,19845,49.5272023179641,12.0
AE,Store,YAS,2025-06-28,856298.509999999,713457.399999999,0.2,5190,1587,0.306,539.570579710144,20243,42.3009687299313,12.76
AE,Store,YAS,2025-06-29,783316.529999999,1189954.05999999,-0.34,4658,1550,0.333,505.365503225806,18740,41.7991744930629,12.09
AE,Store,YAS,2025-06-30,569244.499999999,1083392.42999999,-0.47,2236,857,0.383,664.229288214701,11545,49.306582936336,13.47
AE,IFB,YAS,2025-01-01,90458.1199999988,84248.4100000005,0.07,4742,2401,0.51,37.6751853394414,12867,7.03024170358272,5.36
AE,IFB,YAS,2025-01-02,61920.6,41518.9600000001,0.49,3211,1830,0.57,33.8363934426229,8812,7.02684975034044,4.82
AE,IFB,YAS,2025-01-03,67933.7299999998,45388.3,0.5,3464,2056,0.59,33.041697470817,9681,7.01722239438072,4.71
AE,IFB,YAS,2025-01-04,109143.979999998,44464.66,1.45,5197,2869,0.55,38.0425165562909,15190,7.18525213956542,5.29
AE,IFB,YAS,2025-01-05,89488.1999999989,67730.1700000003,0.32,4295,2481,0.58,36.0694074969766,12388,7.22378107846294,4.99
AE,IFB,YAS,2025-01-06,32311.7600000002,109868.189999999,-0.71,1959,1097,0.56,29.4546581586145,4741,6.81538915840544,4.32
AE,IFB,YAS,2025-01-07,37118.2599999999,101428.899999999,-0.63,2099,1261,0.6,29.4355749405233,5192,7.14912557781201,4.12
AE,IFB,YAS,2025-01-08,33435.31,35296.8499999998,-0.05,1997,1144,0.57,29.2266695804196,4791,6.9787747860572,4.19
AE,IFB,YAS,2025-01-09,37017.67,41505.35,-0.11,1979,1191,0.6,31.0811670864819,4998,7.40649659863945,4.2
AE,IFB,YAS,2025-01-10,71674.8799999991,39773.5299999999,0.8,2857,1846,0.65,38.8271289274101,8733,8.20736058628182,4.73
AE,IFB,YAS,2025-01-11,105026.689999999,43042.0799999999,1.44,4967,2849,0.57,36.8644050544048,13980,7.51263876967091,4.91
AE,IFB,YAS,2025-01-12,92548.499999999,67249.1899999999,0.38,4417,2479,0.56,37.3329971762803,12385,7.47262817924901,5.0
AE,IFB,YAS,2025-01-13,35014.64,111646.899999999,-0.69,1886,1104,0.59,31.7161594202899,4638,7.54951272100044,4.2
AE,IFB,YAS,2025-01-14,31205.1,96039.5699999994,-0.68,1783,1118,0.63,27.9115384615385,4317,7.22842251563588,3.86
AE,IFB,YAS,2025-01-15,34269.8500000002,36814.5900000001,-0.07,1915,1101,0.57,31.1261126248866,4404,7.78152815622166,4.0
AE,IFB,YAS,2025-01-16,36047.0100000001,34528.1399999999,0.04,1876,1129,0.6,31.9282639503987,4482,8.04261713520753,3.97
AE,IFB,YAS,2025-01-17,59388.2800000002,36952.5899999999,0.61,3023,1834,0.61,32.3818320610688,7741,7.67191318951043,4.22
AE,IFB,YAS,2025-01-18,114226.319999999,36877.02,2.1,5171,3024,0.58,37.7732539682538,15052,7.58878022854104,4.98
AE,IFB,YAS,2025-01-19,97995.2399999991,64589.9600000001,0.52,4333,2584,0.6,37.9238544891637,12506,7.83585798816561,4.84
AE,IFB,YAS,2025-01-20,40804.6000000004,115543.059999999,-0.65,1665,1038,0.62,39.3107899807326,4273,9.54940322958119,4.12
AE,IFB,YAS,2025-01-21,31397.8200000001,91869.4400000004,-0.66,1792,1071,0.6,29.3163585434175,4506,6.96800266311588,4.21
AE,IFB,YAS,2025-01-22,30904.0200000001,29948.3400000001,0.03,1803,1052,0.58,29.3764448669202,4207,7.34585690515809,4.0
AE,IFB,YAS,2025-01-23,34307.1599999999,34318.3400000001,0,1881,1141,0.61,30.0676248904469,4792,7.15925709515859,4.2
AE,IFB,YAS,2025-01-24,60418.62,32236.2300000001,0.87,3183,1919,0.6,31.4844293903074,8364,7.22365136298422,4.36
AE,IFB,YAS,2025-01-25,110224.539999999,34671.3799999998,2.18,5212,2987,0.57,36.9014194844322,14843,7.42602843091014,4.97
AE,IFB,YAS,2025-01-26,98174.1999999993,68341.4799999998,0.44,4482,2600,0.58,37.7593076923074,12854,7.63763808931066,4.94
AE,IFB,YAS,2025-01-27,36978.0800000003,125965.689999999,-0.71,2115,1256,0.59,29.4411464968155,4971,7.43876081271381,3.96
AE,IFB,YAS,2025-01-28,38721.7800000002,105457.939999999,-0.63,2040,1282,0.63,30.2041965678629,5354,7.23230855435193,4.18
AE,IFB,YAS,2025-01-29,43276.6300000005,38115.74,0.14,2285,1355,0.59,31.9384723247236,5994,7.21999165832509,4.42
AE,IFB,YAS,2025-01-30,45217.4700000007,40137.9899999999,0.13,2218,1420,0.64,31.8432887323948,6177,7.32029626032065,4.35
AE,IFB,YAS,2025-01-31,68024.1200000006,45858.03,0.48,3411,2044,0.6,33.2799021526421,9454,7.19527395811303,4.63
AE,IFB,YAS,2025-02-01,106920.349999999,41142.38,1.6,5270,3036,0.58,35.217506587615,14104,7.58085294951781,4.65
AE,IFB,YAS,2025-02-02,103816.969999998,72140.75,0.44,4726,2774,0.59,37.4250072098049,13339,7.78296498987922,4.81
AE,IFB,YAS,2025-02-03,38693.5400000002,129242.369999999,-0.7,1969,1160,0.59,33.3565000000002,5049,7.66360467419296,4.35
AE,IFB,YAS,2025-02-04,35762.8500000003,105087.799999999,-0.66,2044,1225,0.6,29.1941632653063,4853,7.36922522151252,3.96
AE,IFB,YAS,2025-02-05,35061.5800000003,33843.75,0.04,1915,1167,0.61,30.044198800343,4619,7.59072959515054,3.96
AE,IFB,YAS,2025-02-06,38271.5500000004,38093.4,0,2025,1285,0.63,29.7833073929964,5451,7.0210144927537,4.24
AE,IFB,YAS,2025-02-07,64575.5999999998,36814.5899999999,0.75,3114,1975,0.63,32.6965063291138,9111,7.08765228844252,4.61
AE,IFB,YAS,2025-02-08,118907.279999998,42793.6199999999,1.78,5709,3219,0.56,36.9391985088533,16144,7.36541625371648,5.02
AE,IFB,YAS,2025-02-09,101639.749999998,63930.1799999999,0.59,4691,2710,0.58,37.5054428044275,13162,7.72221166995887,4.86
AE,IFB,YAS,2025-02-10,44491.9100000002,112868.729999999,-0.61,2412,1384,0.57,32.1473338150291,6234,7.13697625922365,4.5
AE,IFB,YAS,2025-02-11,46829.3700000002,99854.63,-0.53,2518,1580,0.63,29.638841772152,6992,6.69756435926776,4.43
AE,IFB,YAS,2025-02-12,44952.1500000002,33989.7299999999,0.32,2479,1472,0.59,30.5381453804349,6317,7.11605983853098,4.29
AE,IFB,YAS,2025-02-13,39147.4600000004,42148.1600000002,-0.07,2192,1346,0.61,29.0842942050523,5850,6.69187350427358,4.35
AE,IFB,YAS,2025-02-14,56928.3600000003,36561.5200000001,0.56,2838,1635,0.58,34.8185688073396,7618,7.47287477028096,4.66
AE,IFB,YAS,2025-02-15,108445.419999999,39941.7800000002,1.72,5059,2841,0.56,38.1715663498765,14270,7.599538892782,5.02
AE,IFB,YAS,2025-02-16,88402.6999999985,65471.6500000003,0.35,4134,2368,0.57,37.3322212837831,11619,7.60846028057479,4.91
AE,IFB,YAS,2025-02-17,29313.1099999999,110738.669999999,-0.74,1759,1007,0.57,29.1093445878847,4209,6.96438821572819,4.18
AE,IFB,YAS,2025-02-18,32356.5800000001,95396.6100000004,-0.66,1961,1156,0.59,27.9901211072665,4821,6.71159095623318,4.17
AE,IFB,YAS,2025-02-19,33100.2000000001,41586.9000000001,-0.2,1983,1127,0.57,29.3701863354038,4446,7.4449392712551,3.94
AE,IFB,YAS,2025-02-20,37014.5299999999,40460.46,-0.09,2075,1295,0.62,28.5826486486486,5262,7.03430824781451,4.06
AE,IFB,YAS,2025-02-21,60585.8900000003,42432.8700000002,0.43,2978,1851,0.62,32.7314370610482,8245,7.34819769557311,4.45
AE,IFB,YAS,2025-02-22,107368.399999999,37965.86,1.83,5125,3002,0.59,35.7656229180544,14116,7.60614905072255,4.7
AE,IFB,YAS,2025-02-23,89500.8800000001,62298.9800000004,0.44,4173,2426,0.58,36.8923660346249,11887,7.52930764700934,4.9
AE,IFB,YAS,2025-02-24,33209.1600000002,103143.51,-0.68,1895,1170,0.62,28.3838974358976,4575,7.25883278688529,3.91
AE,IFB,YAS,2025-02-25,36627.8600000001,91073.3900000005,-0.6,2163,1269,0.59,28.8635618597321,5456,6.71331744868037,4.3
AE,IFB,YAS,2025-02-26,41007.4400000002,32251.05,0.27,2335,1383,0.59,29.6510773680406,5667,7.23618140109409,4.1
AE,IFB,YAS,2025-02-27,48169.5400000001,42027.5000000002,0.15,2696,1491,0.55,32.3068678739102,6320,7.62176265822787,4.24
AE,IFB,YAS,2025-02-28,70102.0799999999,43043.2,0.63,3925,2131,0.54,32.8963303613326,9871,7.10182149731536,4.63
AE,IFB,YAS,2025-03-01,81638.6499999992,75679.2300000002,0.08,4287,1974,0.46,41.3569655521779,9723,8.3964465699886,4.93
AE,IFB,YAS,2025-03-02,80603.2399999993,122120.049999999,-0.34,3982,1759,0.44,45.8233314383168,8995,8.96089382990542,5.11
AE,IFB,YAS,2025-03-03,35686.9700000001,112341.18,-0.68,2022,966,0.48,36.9430331262941,3878,9.20241619391441,4.01
AE,IFB,YAS,2025-03-04,36219.5900000001,37947.9800000001,-0.05,1915,921,0.48,39.3263735070576,3857,9.39061187451389,4.19
AE,IFB,YAS,2025-03-05,41843.7100000003,41280.5299999999,0.01,1983,1011,0.51,41.3884371909004,4069,10.2835364954535,4.02
AE,IFB,YAS,2025-03-06,42607.9200000003,43279.9400000001,-0.02,2090,1040,0.5,40.9691538461542,4140,10.2917681159421,3.98
AE,IFB,YAS,2025-03-07,70200.58,45225.75,0.55,3213,1582,0.49,44.3745764854614,6966,10.0776026414011,4.4
AE,IFB,YAS,2025-03-08,92698.8799999991,67819.5900000002,0.37,4423,2223,0.5,41.6999010346374,10725,8.64325221445213,4.82
AE,IFB,YAS,2025-03-09,94421.9299999991,92113.4599999999,0.03,4198,2064,0.49,45.7470591085267,10144,9.30815555993682,4.91
AE,IFB,YAS,2025-03-10,33254.5299999999,124501.639999999,-0.73,1830,913,0.5,36.4233625410733,3707,8.97073914216346,4.06
AE,IFB,YAS,2025-03-11,38402.9,22411.26,0.71,1896,1018,0.54,37.7238703339882,4116,9.33015063168125,4.04
AE,IFB,YAS,2025-03-12,36818.65,30733.6199999999,0.2,1920,1018,0.53,36.1676326129666,4126,8.92357004362579,4.05
AE,IFB,YAS,2025-03-13,42725.92,33268.7099999999,0.28,1946,988,0.51,43.2448582995951,4003,10.6734748938296,4.05
AE,IFB,YAS,2025-03-14,58384.1900000003,31275.99,0.87,2849,1315,0.46,44.3986235741447,6099,9.57274799147406,4.64
AE,IFB,YAS,2025-03-15,91333.1500000004,54893.85,0.66,4546,2048,0.45,44.5962646484377,10111,9.0330481653645,4.94
AE,IFB,YAS,2025-03-16,83955.4700000002,89062.1299999998,-0.06,3853,1831,0.48,45.8522501365375,9219,9.10678707018117,5.03
AE,IFB,YAS,2025-03-17,33422.48,79068.3099999999,-0.58,1790,872,0.49,38.3285321100917,3506,9.53293782087849,4.02
AE,IFB,YAS,2025-03-18,35827.04,27311.21,0.31,1896,921,0.49,38.9001520086862,3499,10.2392226350386,3.8
AE,IFB,YAS,2025-03-19,41259.6199999999,36035.1199999999,0.14,2002,1029,0.51,40.0968124392614,4237,9.73793249940995,4.12
AE,IFB,YAS,2025-03-20,50019.3799999999,36107.99,0.39,2011,1021,0.51,48.9905778648383,4446,11.2504228520017,4.35
AE,IFB,YAS,2025-03-21,61420.9799999999,39566.45,0.55,2526,1329,0.53,46.2159367945823,5938,10.3437150555742,4.47
AE,IFB,YAS,2025-03-22,92723.5600000005,59245.12,0.57,4103,1969,0.48,47.0917013712547,10134,9.14974935859488,5.15
AE,IFB,YAS,2025-03-23,86716.0600000005,87832.3400000001,-0.01,4084,1902,0.47,45.5920399579392,9856,8.79830154220784,5.18
AE,IFB,YAS,2025-03-24,51238.59,80996.0200000001,-0.37,2298,1202,0.52,42.627778702163,5851,8.75723636985131,4.87
AE,IFB,YAS,2025-03-25,49988.8299999999,38877.8200000001,0.29,2499,1265,0.51,39.5168616600789,5703,8.76535682973871,4.51
AE,IFB,YAS,2025-03-26,52549.5699999999,50450.37,0.04,2290,1133,0.49,46.380909090909,5539,9.48719443942949,4.89
AE,IFB,YAS,2025-03-27,58412.92,49715.59,0.17,2431,1184,0.49,49.3352364864865,5304,11.0129939668175,4.48
AE,IFB,YAS,2025-03-28,67099.7499999999,53897.9200000001,0.24,2909,1461,0.5,45.9272758384667,6520,10.2913726993864,4.46
AE,IFB,YAS,2025-03-29,86585.4900000003,68170.8500000002,0.27,3927,1912,0.49,45.285298117155,10195,8.49293673369302,5.33
AE,IFB,YAS,2025-03-30,95054.5499999999,85904.4300000003,0.11,4425,2358,0.53,40.3115139949109,13672,6.95249780573434,5.8
AE,IFB,YAS,2025-03-31,114829.469999998,85226.5000000004,0.35,5534,2914,0.53,39.4061324639666,17047,6.73605150466351,5.85
AE,IFB,YAS,2025-04-01,102341.959999999,39305.13,1.6,5047,2716,0.54,37.6811340206184,15179,6.74233875749388,5.59
AE,IFB,YAS,2025-04-02,54894.51,48743.14,0.13,3011,1643,0.55,33.4111442483262,8273,6.63538136105404,5.04
AE,IFB,YAS,2025-04-03,61140.0400000001,46191.7000000001,0.32,3001,1878,0.63,32.5559318423856,9260,6.60259611231103,4.93
AE,IFB,YAS,2025-04-04,64783.0500000004,54455.08,0.19,3502,2111,0.6,30.6883230696354,9962,6.50301646255776,4.72
AE,IFB,YAS,2025-04-05,103992.279999998,53462.8199999999,0.95,5025,2946,0.59,35.2994840461636,15490,6.71351065203345,5.26
AE,IFB,YAS,2025-04-06,87753.8400000003,89267.0300000006,-0.02,4166,2532,0.61,34.6579146919432,13023,6.73837364662522,5.14
AE,IFB,YAS,2025-04-07,30983.0799999999,83907.0099999997,-0.63,1985,1139,0.57,27.2020017559261,4721,6.56282143613639,4.14
AE,IFB,YAS,2025-04-08,38980.9,72457.0500000004,-0.46,2220,1385,0.62,28.1450541516245,6021,6.47415711675802,4.35
AE,IFB,YAS,2025-04-09,39877.5600000001,87839.5600000001,-0.55,2151,1315,0.61,30.3251406844107,5790,6.88731606217618,4.4
AE,IFB,YAS,2025-04-10,40786.56,78801.1299999997,-0.48,2119,1340,0.63,30.4377313432835,5880,6.93648979591836,4.39
AE,IFB,YAS,2025-04-11,64103.2700000002,95250.16,-0.33,2981,1986,0.67,32.2775780463243,9436,6.79347922848667,4.75
AE,IFB,YAS,2025-04-12,108884.999999997,86306.9199999997,0.26,5176,3044,0.59,35.7703679369242,15736,6.91948398576496,5.17
AE,IFB,YAS,2025-04-13,95519.9200000006,90134.48,0.06,4231,2630,0.62,36.3193612167303,13691,6.97684026002488,5.21
AE,IFB,YAS,2025-04-14,36161.9499999998,67455.91,-0.46,1752,1124,0.64,32.1725533807828,4961,7.2892461197339,4.41
AE,IFB,YAS,2025-04-15,35664.66,25955.65,0.37,1891,1236,0.65,28.8549029126214,5361,6.65261331841075,4.34
AE,IFB,YAS,2025-04-16,43622.7099999999,17932.67,1.43,1910,1313,0.69,33.2236938309214,5867,7.43526674620758,4.47
AE,IFB,YAS,2025-04-17,41866.4899999999,35788.8500000001,0.17,1930,1322,0.68,31.6690544629349,5916,7.07682386747801,4.48
AE,IFB,YAS,2025-04-18,64569.8800000006,38500.49,0.68,2983,1970,0.66,32.7765888324876,9009,7.16726384726391,4.57
AE,IFB,YAS,2025-04-19,114585.139999997,68565.8600000004,0.67,5058,3200,0.63,35.8078562499992,16668,6.87455843532502,5.21
AE,IFB,YAS,2025-04-20,97215.4800000002,109764.3,-0.11,4287,2598,0.61,37.4193533487299,13974,6.95688278231002,5.38
AE,IFB,YAS,2025-04-21,30647.33,94242.5899999994,-0.67,1733,1072,0.62,28.5889272388059,4454,6.88085541086664,4.15
AE,IFB,YAS,2025-04-22,34287.59,30796.92,0.11,1939,1203,0.62,28.5017373233582,5215,6.57480153403643,4.33
AE,IFB,YAS,2025-04-23,32066.19,32892.5599999999,-0.03,1766,1124,0.64,28.5286387900356,4708,6.81100042480884,4.19
AE,IFB,YAS,2025-04-24,37238.29,34874.43,0.07,2093,1219,0.58,30.5482280557835,5528,6.73630426917512,4.53
AE,IFB,YAS,2025-04-25,64153.3499999999,38206.83,0.68,3248,2022,0.62,31.7276706231453,9547,6.71973918508431,4.72
AE,IFB,YAS,2025-04-26,127790.809999999,65527.4700000004,0.95,6270,3657,0.58,34.944164615805,19607,6.51761156729734,5.36
AE,IFB,YAS,2025-04-27,100248.329999999,120671.32,-0.17,4964,2898,0.58,34.5922463768115,15649,6.40605342194389,5.4
AE,IFB,YAS,2025-04-28,31681.52,95189.8099999998,-0.67,1896,1142,0.6,27.7421366024518,4912,6.44982084690554,4.3
AE,IFB,YAS,2025-04-29,39150.6900000006,34830.96,0.12,2107,1350,0.64,29.0005111111115,5894,6.64246521886674,4.37
AE,IFB,YAS,2025-04-30,36630.8899999998,37384.3,-0.02,2103,1241,0.59,29.5172360999193,5392,6.79356268545991,4.34
AE,IFB,YAS,2025-05-01,40476.0499999997,39586.7200000001,0.02,2095,1399,0.67,28.9321300929233,6089,6.64740515684015,4.35
AE,IFB,YAS,2025-05-02,64523.9900000005,43323.28,0.49,3306,2069,0.63,31.1860753987436,9970,6.47181444333004,4.82
AE,IFB,YAS,2025-05-03,123667.439999999,75921.8099999999,0.63,5916,3425,0.58,36.1072817518246,18945,6.52770863024541,5.53
AE,IFB,YAS,2025-05-04,99007.5699999999,120903.839999999,-0.18,4793,2773,0.58,35.7041363144608,15426,6.41822701931803,5.56
AE,IFB,YAS,2025-05-05,33537.86,99145.3599999994,-0.66,1935,1152,0.6,29.1127256944445,5368,6.24773845007453,4.66
AE,IFB,YAS,2025-05-06,36200.6799999999,31872.7999999999,0.14,1949,1257,0.64,28.7992680986475,5542,6.53206062793214,4.41
AE,IFB,YAS,2025-05-07,40217.94,36457.3599999999,0.1,2051,1349,0.66,29.8131504818384,6043,6.65529372828065,4.48
AE,IFB,YAS,2025-05-08,41210.9299999997,41191.44,0,2140,1333,0.62,30.9159264816201,6109,6.7459371419217,4.58
AE,IFB,YAS,2025-05-09,62001.1100000008,42719.09,0.45,3222,2022,0.63,30.6632591493574,9862,6.28686980328542,4.88
AE,IFB,YAS,2025-05-10,119079.969999997,68431.7400000001,0.74,5806,3367,0.58,35.3667864567858,18893,6.30286190652611,5.61
AE,IFB,YAS,2025-05-11,96494.469999999,126730.109999998,-0.24,4674,2690,0.58,35.8715501858732,15132,6.37684840074008,5.63
AE,IFB,YAS,2025-05-12,30976.8999999999,98967.0800000006,-0.69,1903,1206,0.63,25.685655058043,5096,6.07866954474096,4.23
AE,IFB,YAS,2025-05-13,35476.2,30939.8300000001,0.15,1967,1282,0.65,27.672542901716,5640,6.29010638297872,4.4
AE,IFB,YAS,2025-05-14,33323.2399999998,37570.14,-0.11,1817,1205,0.66,27.654141078838,5108,6.52373531714954,4.24
AE,IFB,YAS,2025-05-15,35100.2799999998,35396.81,-0.01,1979,1217,0.61,28.8416433853737,5409,6.48923645775556,4.44
AE,IFB,YAS,2025-05-16,64085.3600000005,35871.91,0.79,3136,1985,0.63,32.284816120907,9933,6.45176281083263,5.0
AE,IFB,YAS,2025-05-17,126641.589999997,64801.4200000005,0.95,6239,3564,0.57,35.5335549943876,19575,6.46955759897816,5.49
AE,IFB,YAS,2025-05-18,96556.3499999993,126820.229999999,-0.24,4953,2825,0.57,34.1792389380528,15228,6.34071118991327,5.39
AE,IFB,YAS,2025-05-19,35034.0900000003,95841.1000000004,-0.63,1817,1100,0.61,31.849172727273,5200,6.73732500000006,4.73
AE,IFB,YAS,2025-05-20,33325.1699999999,32042.8399999999,0.04,1907,1242,0.65,26.8318599033815,5303,6.28421082406183,4.27
AE,IFB,YAS,2025-05-21,33032.6299999999,35816.7800000001,-0.08,1928,1204,0.62,27.4357392026577,5231,6.31478302427832,4.34
AE,IFB,YAS,2025-05-22,35181.3899999999,29011.3000000001,0.21,1919,1264,0.66,27.8333781645568,5569,6.31736218351587,4.41
AE,IFB,YAS,2025-05-23,61691.8900000005,40835.35,0.51,3364,2097,0.62,29.4191177873154,9711,6.35278447121826,4.63
AE,IFB,YAS,2025-05-24,117674.87,68699.72,0.71,5727,3318,0.58,35.4656027727547,18216,6.45997310057093,5.49
AE,IFB,YAS,2025-05-25,86928.4600000002,112021.149999999,-0.22,4395,2642,0.6,32.9025208175625,13874,6.26556580654463,5.25
AE,IFB,YAS,2025-05-26,30712.4299999999,92801.97,-0.67,1638,1065,0.65,28.8379624413144,4786,6.41713957375677,4.49
AE,IFB,YAS,2025-05-27,39452.1799999998,34420.24,0.15,2148,1382,0.64,28.5471635311142,5979,6.59845793610968,4.33
AE,IFB,YAS,2025-05-28,43089.4699999996,40824.17,0.06,2296,1469,0.64,29.3325187202176,6424,6.70757627646321,4.37
AE,IFB,YAS,2025-05-29,36966.0900000004,37620.2400000002,-0.02,2192,1358,0.62,27.2209793814436,5962,6.2002834619256,4.39
AE,IFB,YAS,2025-05-30,60651.0300000006,39835.3200000001,0.52,3180,2074,0.65,29.2435053037611,9705,6.24946213292123,4.68
AE,IFB,YAS,2025-05-31,118556.269999998,57923.2800000002,1.05,5648,3340,0.59,35.4958892215563,18263,6.49160981218847,5.47
AE,IFB,YAS,2025-06-01,96035.669999999,108368.119999999,-0.11,4678,2677,0.57,35.8743630930142,14806,6.486267053897,5.53
AE,IFB,YAS,2025-06-02,34671.8499999998,97040.87,-0.64,1982,1283,0.65,27.024045206547,5429,6.38641554614107,4.23
AE,IFB,YAS,2025-06-03,35976.6299999997,34404.6099999999,0.05,1947,1238,0.64,29.0602827140547,5895,6.10290585241725,4.76
AE,IFB,YAS,2025-06-04,41409.9300000007,38125.7299999999,0.09,2263,1352,0.6,30.6286464497047,6581,6.29234614800194,4.87
AE,IFB,YAS,2025-06-05,93929.6399999998,36427.81,1.58,4604,2517,0.55,37.3180929678187,14843,6.32821127804351,5.9
AE,IFB,YAS,2025-06-06,112849.24,33161.4600000001,2.4,5685,2996,0.53,37.6666355140187,18134,6.22307488695269,6.05
AE,IFB,YAS,2025-06-07,126510.439999997,58403.36,1.17,6334,3369,0.53,37.5513327396847,19761,6.40202621324821,5.87
AE,IFB,YAS,2025-06-08,93173.0300000013,113390.529999999,-0.18,4664,2472,0.53,37.691355177994,14301,6.51514089923791,5.79
AE,IFB,YAS,2025-06-09,31182.0399999999,85774.3199999997,-0.64,1923,1230,0.64,25.3512520325202,5122,6.08786411557984,4.16
AE,IFB,YAS,2025-06-10,33490.9799999998,31675.1200000001,0.06,2019,1252,0.62,26.749984025559,5586,5.99552094522017,4.46
AE,IFB,YAS,2025-06-11,33392.63,32391.8299999999,0.03,1968,1222,0.62,27.3262111292962,5150,6.48400582524272,4.21
AE,IFB,YAS,2025-06-12,38606.1099999998,37297.86,0.04,2031,1334,0.66,28.9401124437779,5921,6.52020097956423,4.44
AE,IFB,YAS,2025-06-13,73918.9000000004,36922.6099999999,1,3106,2103,0.68,35.1492629576797,10373,7.12608695652178,4.93
AE,IFB,YAS,2025-06-14,120265.97,49859.6100000001,1.41,5056,3126,0.62,38.4727991042868,17496,6.87391232281667,5.6
AE,IFB,YAS,2025-06-15,108898.809999998,89401.1499999992,0.22,4494,2735,0.61,39.8167495429611,15170,7.17856361239279,5.55
AE,IFB,YAS,2025-06-16,32720.78,92496.2999999992,-0.65,1630,1091,0.67,29.9915490375802,4661,7.02012014589145,4.27
AE,IFB,YAS,2025-06-17,34634.5500000001,117852.769999998,-0.71,1837,1250,0.68,27.70764,5270,6.57202087286529,4.22
AE,IFB,YAS,2025-06-18,38692.5400000003,101148.159999999,-0.62,1995,1320,0.66,29.3125303030305,5617,6.88847071390427,4.26
AE,IFB,YAS,2025-06-19,42855.8300000001,36751.97,0.17,2072,1342,0.65,31.9342995529062,6025,7.11300082987555,4.49
AE,IFB,YAS,2025-06-20,58588.8200000006,39630.01,0.48,2937,1856,0.63,31.5672521551727,8910,6.57562514029188,4.8
AE,IFB,YAS,2025-06-21,103432.879999999,58310.8800000005,0.77,4926,2921,0.59,35.4100924340978,15240,6.78693438320209,5.22
AE,IFB,YAS,2025-06-22,98393.6200000007,99752.3699999997,-0.01,4246,2534,0.6,38.8293685872141,13812,7.12377787431224,5.45
AE,IFB,YAS,2025-06-23,32327.7400000001,89695.6899999999,-0.64,1763,1156,0.66,27.9651730103807,4894,6.60558643236618,4.23
AE,IFB,YAS,2025-06-24,35655.8299999998,34494.89,0.03,2095,1351,0.64,26.3921761658029,5447,6.54595740774734,4.03
AE,IFB,YAS,2025-06-25,37355.1800000001,41799.43,-0.11,2179,1304,0.6,28.6466104294479,5568,6.70890445402301,4.27
AE,IFB,YAS,2025-06-26,47177.5000000004,41157.4700000003,0.15,2349,1473,0.63,32.0281737949765,6799,6.93888807177532,4.62
AE,IFB,YAS,2025-06-27,130852.44,49956.7100000002,1.62,5748,3303,0.57,39.6162397820166,18242,7.17314110294928,5.52
AE,IFB,YAS,2025-06-28,112367.729999999,72092.7000000004,0.56,5190,3059,0.59,36.7334847989537,16446,6.83252645020063,5.38
AE,IFB,YAS,2025-06-29,103898.629999999,119954.199999998,-0.13,4658,2725,0.59,38.1279376146788,14355,7.2378007662835,5.27
AE,IFB,YAS,2025-06-30,42462.3499999998,114068.809999999,-0.63,2236,1400,0.63,30.3302499999999,6240,6.80486378205126,4.46
